Workbook

Sheet Guide
A1: School Management System
A2: Start here. Work through the tabs from left to right.
A5: TAB MAP
A6: Tab | B6: What it is for | C6: You type here?
A7: Dashboard | B7: Live totals per school, with charts | C7: No, automatic
A8: Report Card | B8: Printable report card for one student | C8: Only the Student ID
A9: Results | B9: Ranked results for a whole class and term, printable | C9: School, class and term
A10: Class List | B10: Register of up to 40 students per class, printable | C10: School and class
A11: ID Cards | B11: Printable student ID cards for a class | C11: School and class
A12: Timetable View | B12: Weekly timetable for a class, printable | C12: School and class
A13: Settings | B13: Academic year, currency, classes, subjects, grade bands | C13: Yes, once
A14: Schools | B14: One row per school | C14: Yes
A15: Classes | B15: Classes in each school and their class teacher | C15: Yes
A16: Teachers | B16: Staff list | C16: Yes
A17: Students | B17: Student list (the master list) | C17: Yes
... A24: Email Log | B24: Record of every registration email sent | C24: No, automatic
A26: SET UP (ONCE)
A27: 1. Settings: enter the academic year, currency, your classes, subjects and grade bands.
A28: 2. Schools: add each school. IDs (SCH01, SCH02...) appear automatically.
A29: 3. Teachers, then Classes, then Students: add people. IDs (T001, S0001...) appear automatically. Pick School ID and Class from the dropdowns.
A31: EVERY DAY / EVERY TERM
A32: Daily: Attendance. Pick the Student ID and mark P, A or L.
A33: Each term: Grades (scores per subject) and Fees (amount due and paid).
A34: Reports: open Report Card, pick a Student ID, then print.
A36: REGISTRATION EMAILS (GOOGLE SHEETS ONLY)
A37: When you register a school, teacher or student (name, school, class and email filled in), a welcome email is sent automatically. Students' emails go to the guardian.
A38: 1. Upload this file to Google Drive, open it, then File > Save as Google Sheets.
A39: 2. In the Google Sheet: Extensions > Apps Script. Delete any code, paste the contents of Code.gs, click Save.
... A76: Set up the buttons once: Extensions > Apps Script > add a new file, paste EmailReports.gs, Save. Reload the sheet, then Email Reports > Run setup and approve the permissions. If you use Lock formulas and set roles, unlock the yellow input cells on Class Attendance and Class Grades for teachers.

Sheet Dashboard
A1: School Dashboard
A2: =" Academic year "&Settings!B5&" | Currency: "&Settings!B6&" | Emails sent: "&COUNTIF('Email Log'!$G$5:$G$304,"Sent*")&" | Updates automatically" -> Academic year 2026/2027 | Currency: SLE | Emails sent: 0 | Updates automatically
A5: TOTAL STUDENTS | C5: TOTAL TEACHERS | F5: ATTENDANCE RATE | I5: FEES COLLECTED
A6: =SUM(Schools!$G$5:$G$304) -> 1 | C6: =SUM(Schools!$H$5:$H$304) -> 1 | F6: =IF(COUNTA(Attendance!$F$5:$F$304)=0,"-",(COUNTIF(Attendance!$F$5:$F$304,"P")+COUNTIF(Attendance!$F$5:$F$304,"L"))/COUNTA(Attendance!$F$5:$F$304)) -> 1 | I6: =IF(SUM(Fees!$F$5:$F$304)=0,"-",SUM(Fees!$G$5:$G$304)/SUM(Fees!$F$5:$F$304)) -> 0.6
A8: BY SCHOOL
A9: School ID | B9: School Name | C9: Students | D9: Teachers | E9: Student : Teacher | F9: Attendance Rate | G9: Avg Score | H9: Fees Due | I9: Fees Paid | J9: Fees Balance | K9: Collection Rate
A10: =IF(Schools!A5="","",Schools!A5) -> SCH01 | B10: =IF($A10="","",Schools!B5) -> Example Primary School | C10: =IF($A10="","",Schools!G5) -> 1 | D10: =IF($A10="","",Schools!H5) -> 1 | E10: =IF($A10="","",IF(D10=0,"-",ROUND(C10/D10,1))) -> 1 | F10: =IF($A10="","",IF(COUNTIF(Attendance!$D$5:$D$304,$A10)=0,"-",(COUNTIFS(Attendance!$D$5:$D$304,$A10,Attendance!$F$5:$F$304,"P")+COUNTIFS(Attendance!$D$5:$D$304,$A10,Attendance!$F$5:$F$304,"L"))/COUNTIF(Attendance!$D$5:$D$304,$A10))) -> 1 | G10: =IF($A10="","",IFERROR(AVERAGEIF(Grades!$C$5:$C$304,$A10,Grades!$I$5:$I$304),"-")) -> 77.7 | H10: =IF($A10="","",SUMIF(Fees!$C$5:$C$304,$A10,Fees!$F$5:$F$304)) -> 500 | I10: =IF($A10="","",SUMIF(Fees!$C$5:$C$304,$A10,Fees!$G$5:$G$304)) -> 300 | J10: =IF($A10="","",H10-I10) -> 200 | K10: =IF($A10="","",IF(H10=0,"-",I10/H10)) -> 0.6
A11: =IF(Schools!A6="","",Schools!A6) | B11: =IF($A11="","",Schools!B6) | C11: =IF($A11="","",Schools!G6) | D11: =IF($A11="","",Schools!H6) | E11: =IF($A11="","",IF(D11=0,"-",ROUND(C11/D11,1))) | F11: =IF($A11="","",IF(COUNTIF(Attendance!$D$5:$D$304,$A11)=0,"-",(COUNTIFS(Attendance!$D$5:$D$304,$A11,Attendance!$F$5:$F$304,"P")+COUNTIFS(Attendance!$D$5:$D$304,$A11,Attendance!$F$5:$F$304,"L"))/COUNTIF(Attendance!$D$5:$D$304,$A11))) | G11: =IF($A11="","",IFERROR(AVERAGEIF(Grades!$C$5:$C$304,$A11,Grades!$I$5:$I$304),"-")) | H11: =IF($A11="","",SUMIF(Fees!$C$5:$C$304,$A11,Fees!$F$5:$F$304)) | I11: =IF($A11="","",SUMIF(Fees!$C$5:$C$304,$A11,Fees!$G$5:$G$304)) | J11: =IF($A11="","",H11-I11) | K11: =IF($A11="","",IF(H11=0,"-",I11/H11))
A12: =IF(Schools!A7="","",Schools!A7) | B12: =IF($A12="","",Schools!B7) | C12: =IF($A12="","",Schools!G7) | D12: =IF($A12="","",Schools!H7) | E12: =IF($A12="","",IF(D12=0,"-",ROUND(C12/D12,1))) | F12: =IF($A12="","",IF(COUNTIF(Attendance!$D$5:$D$304,$A12)=0,"-",(COUNTIFS(Attendance!$D$5:$D$304,$A12,Attendance!$F$5:$F$304,"P")+COUNTIFS(Attendance!$D$5:$D$304,$A12,Attendance!$F$5:$F$304,"L"))/COUNTIF(Attendance!$D$5:$D$304,$A12))) | G12: =IF($A12="","",IFERROR(AVERAGEIF(Grades!$C$5:$C$304,$A12,Grades!$I$5:$I$304),"-")) | H12: =IF($A12="","",SUMIF(Fees!$C$5:$C$304,$A12,Fees!$F$5:$F$304)) | I12: =IF($A12="","",SUMIF(Fees!$C$5:$C$304,$A12,Fees!$G$5:$G$304)) | J12: =IF($A12="","",H12-I12) | K12: =IF($A12="","",IF(H12=0,"-",I12/H12))
A13: =IF(Schools!A8="","",Schools!A8) | B13: =IF($A13="","",Schools!B8) | C13: =IF($A13="","",Schools!G8) | D13: =IF($A13="","",Schools!H8) | E13: =IF($A13="","",IF(D13=0,"-",ROUND(C13/D13,1))) | F13: =IF($A13="","",IF(COUNTIF(Attendance!$D$5:$D$304,$A13)=0,"-",(COUNTIFS(Attendance!$D$5:$D$304,$A13,Attendance!$F$5:$F$304,"P")+COUNTIFS(Attendance!$D$5:$D$304,$A13,Attendance!$F$5:$F$304,"L"))/COUNTIF(Attendance!$D$5:$D$304,$A13))) | G13: =IF($A13="","",IFERROR(AVERAGEIF(Grades!$C$5:$C$304,$A13,Grades!$I$5:$I$304),"-")) | H13: =IF($A13="","",SUMIF(Fees!$C$5:$C$304,$A13,Fees!$F$5:$F$304)) | I13: =IF($A13="","",SUMIF(Fees!$C$5:$C$304,$A13,Fees!$G$5:$G$304)) | J13: =IF($A13="","",H13-I13) | K13: =IF($A13="","",IF(H13=0,"-",I13/H13))
A14: =IF(Schools!A9="","",Schools!A9) | B14: =IF($A14="","",Schools!B9) | C14: =IF($A14="","",Schools!G9) | D14: =IF($A14="","",Schools!H9) | E14: =IF($A14="","",IF(D14=0,"-",ROUND(C14/D14,1))) | F14: =IF($A14="","",IF(COUNTIF(Attendance!$D$5:$D$304,$A14)=0,"-",(COUNTIFS(Attendance!$D$5:$D$304,$A14,Attendance!$F$5:$F$304,"P")+COUNTIFS(Attendance!$D$5:$D$304,$A14,Attendance!$F$5:$F$304,"L"))/COUNTIF(Attendance!$D$5:$D$304,$A14))) | G14: =IF($A14="","",IFERROR(AVERAGEIF(Grades!$C$5:$C$304,$A14,Grades!$I$5:$I$304),"-")) | H14: =IF($A14="","",SUMIF(Fees!$C$5:$C$304,$A14,Fees!$F$5:$F$304)) | I14: =IF($A14="","",SUMIF(Fees!$C$5:$C$304,$A14,Fees!$G$5:$G$304)) | J14: =IF($A14="","",H14-I14) | K14: =IF($A14="","",IF(H14=0,"-",I14/H14))
A15: =IF(Schools!A10="","",Schools!A10) | B15: =IF($A15="","",Schools!B10) | C15: =IF($A15="","",Schools!G10) | D15: =IF($A15="","",Schools!H10) | E15: =IF($A15="","",IF(D15=0,"-",ROUND(C15/D15,1))) | F15: =IF($A15="","",IF(COUNTIF(Attendance!$D$5:$D$304,$A15)=0,"-",(COUNTIFS(Attendance!$D$5:$D$304,$A15,Attendance!$F$5:$F$304,"P")+COUNTIFS(Attendance!$D$5:$D$304,$A15,Attendance!$F$5:$F$304,"L"))/COUNTIF(Attendance!$D$5:$D$304,$A15))) | G15: =IF($A15="","",IFERROR(AVERAGEIF(Grades!$C$5:$C$304,$A15,Grades!$I$5:$I$304),"-")) | H15: =IF($A15="","",SUMIF(Fees!$C$5:$C$304,$A15,Fees!$F$5:$F$304)) | I15: =IF($A15="","",SUMIF(Fees!$C$5:$C$304,$A15,Fees!$G$5:$G$304)) | J15: =IF($A15="","",H15-I15) | K15: =IF($A15="","",IF(H15=0,"-",I15/H15))
A16: =IF(Schools!A11="","",Schools!A11) | B16: =IF($A16="","",Schools!B11) | C16: =IF($A16="","",Schools!G11) | D16: =IF($A16="","",Schools!H11) | E16: =IF($A16="","",IF(D16=0,"-",ROUND(C16/D16,1))) | F16: =IF($A16="","",IF(COUNTIF(Attendance!$D$5:$D$304,$A16)=0,"-",(COUNTIFS(Attendance!$D$5:$D$304,$A16,Attendance!$F$5:$F$304,"P")+COUNTIFS(Attendance!$D$5:$D$304,$A16,Attendance!$F$5:$F$304,"L"))/COUNTIF(Attendance!$D$5:$D$304,$A16))) | G16: =IF($A16="","",IFERROR(AVERAGEIF(Grades!$C$5:$C$304,$A16,Grades!$I$5:$I$304),"-")) | H16: =IF($A16="","",SUMIF(Fees!$C$5:$C$304,$A16,Fees!$F$5:$F$304)) | I16: =IF($A16="","",SUMIF(Fees!$C$5:$C$304,$A16,Fees!$G$5:$G$304)) | J16: =IF($A16="","",H16-I16) | K16: =IF($A16="","",IF(H16=0,"-",I16/H16))
A17: =IF(Schools!A12="","",Schools!A12) | B17: =IF($A17="","",Schools!B12) | C17: =IF($A17="","",Schools!G12) | D17: =IF($A17="","",Schools!H12) | E17: =IF($A17="","",IF(D17=0,"-",ROUND(C17/D17,1))) | F17: =IF($A17="","",IF(COUNTIF(Attendance!$D$5:$D$304,$A17)=0,"-",(COUNTIFS(Attendance!$D$5:$D$304,$A17,Attendance!$F$5:$F$304,"P")+COUNTIFS(Attendance!$D$5:$D$304,$A17,Attendance!$F$5:$F$304,"L"))/COUNTIF(Attendance!$D$5:$D$304,$A17))) | G17: =IF($A17="","",IFERROR(AVERAGEIF(Grades!$C$5:$C$304,$A17,Grades!$I$5:$I$304),"-")) | H17: =IF($A17="","",SUMIF(Fees!$C$5:$C$304,$A17,Fees!$F$5:$F$304)) | I17: =IF($A17="","",SUMIF(Fees!$C$5:$C$304,$A17,Fees!$G$5:$G$304)) | J17: =IF($A17="","",H17-I17) | K17: =IF($A17="","",IF(H17=0,"-",I17/H17))
A18: =IF(Schools!A13="","",Schools!A13) | B18: =IF($A18="","",Schools!B13) | C18: =IF($A18="","",Schools!G13) | D18: =IF($A18="","",Schools!H13) | E18: =IF($A18="","",IF(D18=0,"-",ROUND(C18/D18,1))) | F18: =IF($A18="","",IF(COUNTIF(Attendance!$D$5:$D$304,$A18)=0,"-",(COUNTIFS(Attendance!$D$5:$D$304,$A18,Attendance!$F$5:$F$304,"P")+COUNTIFS(Attendance!$D$5:$D$304,$A18,Attendance!$F$5:$F$304,"L"))/COUNTIF(Attendance!$D$5:$D$304,$A18))) | G18: =IF($A18="","",IFERROR(AVERAGEIF(Grades!$C$5:$C$304,$A18,Grades!$I$5:$I$304),"-")) | H18: =IF($A18="","",SUMIF(Fees!$C$5:$C$304,$A18,Fees!$F$5:$F$304)) | I18: =IF($A18="","",SUMIF(Fees!$C$5:$C$304,$A18,Fees!$G$5:$G$304)) | J18: =IF($A18="","",H18-I18) | K18: =IF($A18="","",IF(H18=0,"-",I18/H18))
A19: =IF(Schools!A14="","",Schools!A14) | B19: =IF($A19="","",Schools!B14) | C19: =IF($A19="","",Schools!G14) | D19: =IF($A19="","",Schools!H14) | E19: =IF($A19="","",IF(D19=0,"-",ROUND(C19/D19,1))) | F19: =IF($A19="","",IF(COUNTIF(Attendance!$D$5:$D$304,$A19)=0,"-",(COUNTIFS(Attendance!$D$5:$D$304,$A19,Attendance!$F$5:$F$304,"P")+COUNTIFS(Attendance!$D$5:$D$304,$A19,Attendance!$F$5:$F$304,"L"))/COUNTIF(Attendance!$D$5:$D$304,$A19))) | G19: =IF($A19="","",IFERROR(AVERAGEIF(Grades!$C$5:$C$304,$A19,Grades!$I$5:$I$304),"-")) | H19: =IF($A19="","",SUMIF(Fees!$C$5:$C$304,$A19,Fees!$F$5:$F$304)) | I19: =IF($A19="","",SUMIF(Fees!$C$5:$C$304,$A19,Fees!$G$5:$G$304)) | J19: =IF($A19="","",H19-I19) | K19: =IF($A19="","",IF(H19=0,"-",I19/H19))
A20: =IF(Schools!A15="","",Schools!A15) | B20: =IF($A20="","",Schools!B15) | C20: =IF($A20="","",Schools!G15) | D20: =IF($A20="","",Schools!H15) | E20: =IF($A20="","",IF(D20=0,"-",ROUND(C20/D20,1))) | F20: =IF($A20="","",IF(COUNTIF(Attendance!$D$5:$D$304,$A20)=0,"-",(COUNTIFS(Attendance!$D$5:$D$304,$A20,Attendance!$F$5:$F$304,"P")+COUNTIFS(Attendance!$D$5:$D$304,$A20,Attendance!$F$5:$F$304,"L"))/COUNTIF(Attendance!$D$5:$D$304,$A20))) | G20: =IF($A20="","",IFERROR(AVERAGEIF(Grades!$C$5:$C$304,$A20,Grades!$I$5:$I$304),"-")) | H20: =IF($A20="","",SUMIF(Fees!$C$5:$C$304,$A20,Fees!$F$5:$F$304)) | I20: =IF($A20="","",SUMIF(Fees!$C$5:$C$304,$A20,Fees!$G$5:$G$304)) | J20: =IF($A20="","",H20-I20) | K20: =IF($A20="","",IF(H20=0,"-",I20/H20))
A21: =IF(Schools!A16="","",Schools!A16) | B21: =IF($A21="","",Schools!B16) | C21: =IF($A21="","",Schools!G16) | D21: =IF($A21="","",Schools!H16) | E21: =IF($A21="","",IF(D21=0,"-",ROUND(C21/D21,1))) | F21: =IF($A21="","",IF(COUNTIF(Attendance!$D$5:$D$304,$A21)=0,"-",(COUNTIFS(Attendance!$D$5:$D$304,$A21,Attendance!$F$5:$F$304,"P")+COUNTIFS(Attendance!$D$5:$D$304,$A21,Attendance!$F$5:$F$304,"L"))/COUNTIF(Attendance!$D$5:$D$304,$A21))) | G21: =IF($A21="","",IFERROR(AVERAGEIF(Grades!$C$5:$C$304,$A21,Grades!$I$5:$I$304),"-")) | H21: =IF($A21="","",SUMIF(Fees!$C$5:$C$304,$A21,Fees!$F$5:$F$304)) | I21: =IF($A21="","",SUMIF(Fees!$C$5:$C$304,$A21,Fees!$G$5:$G$304)) | J21: =IF($A21="","",H21-I21) | K21: =IF($A21="","",IF(H21=0,"-",I21/H21))
... A24: =IF(Schools!A19="","",Schools!A19) | B24: =IF($A24="","",Schools!B19) | C24: =IF($A24="","",Schools!G19) | D24: =IF($A24="","",Schools!H19) | E24: =IF($A24="","",IF(D24=0,"-",ROUND(C24/D24,1))) | F24: =IF($A24="","",IF(COUNTIF(Attendance!$D$5:$D$304,$A24)=0,"-",(COUNTIFS(Attendance!$D$5:$D$304,$A24,Attendance!$F$5:$F$304,"P")+COUNTIFS(Attendance!$D$5:$D$304,$A24,Attendance!$F$5:$F$304,"L"))/COUNTIF(Attendance!$D$5:$D$304,$A24))) | G24: =IF($A24="","",IFERROR(AVERAGEIF(Grades!$C$5:$C$304,$A24,Grades!$I$5:$I$304),"-")) | H24: =IF($A24="","",SUMIF(Fees!$C$5:$C$304,$A24,Fees!$F$5:$F$304)) | I24: =IF($A24="","",SUMIF(Fees!$C$5:$C$304,$A24,Fees!$G$5:$G$304)) | J24: =IF($A24="","",H24-I24) | K24: =IF($A24="","",IF(H24=0,"-",I24/H24))
A25: Red attendance = below 85%, green = 95%+. Red collection = below 60%, green = 90%+. Attendance counts Present and Late as attended.
A26: CHARTS (first 8 schools)

Sheet Report Card
A1: Student Report Card
A2: Pick a Student ID and a Term in the yellow cells. Everything else fills in. Print or email this page for the parent.
I4: Print button (set up via School System menu)
A5: STUDENT ID | B5: S0001 | E5: OVERALL AVERAGE | G5: =IF($E$30="","",$E$30) -> 77.7 | K5: Term start (auto) | L5: =IF(OR($B$10="",$B$10="All terms"),0,IFERROR(IF(INDEX(Settings!$B$36:$B$38,MATCH($B$10,Settings!$A$36:$A$38,0))="",0,INDEX(Settings!$B$36:$B$38,MATCH($B$10,Settings!$A$36:$A$38,0))),0)) -> 0
A6: NAME | B6: =IF($B$5="","",IFERROR(INDEX(Students!$B$5:$B$304,MATCH($B$5,Students!$A$5:$A$304,0)),"ID not found")) -> Aminata Conteh | E6: OVERALL GRADE | G6: =IF($E$30="","",IF($E$30>=Settings!$E$11,Settings!$F$11,IF($E$30>=Settings!$E$12,Settings!$F$12,IF($E$30>=Settings!$E$13,Settings!$F$13,IF($E$30>=Settings!$E$14,Settings!$F$14,Settings!$F$15))))) -> B | I6: EMAIL REPORT CARD | K6: Term end (auto) | L6: =IF(OR($B$10="",$B$10="All terms"),99999,IFERROR(IF(INDEX(Settings!$C$36:$C$38,MATCH($B$10,Settings!$A$36:$A$38,0))="",99999,INDEX(Settings!$C$36:$C$38,MATCH($B$10,Settings!$A$36:$A$38,0))),99999)) -> 99999
A7: CLASS | B7: =IF($B$5="","",IFERROR(INDEX(Students!$F$5:$F$304,MATCH($B$5,Students!$A$5:$A$304,0)),"")) -> Class 4 | E7: ATTENDANCE RATE | G7: =IF($B$5="","",IF(COUNTIFS(Attendance!$B$5:$B$304,$B$5,Attendance!$A$5:$A$304,">="&$L$5,Attendance!$A$5:$A$304,"<="&$L$6)=0,"-",(COUNTIFS(Attendance!$B$5:$B$304,$B$5,Attendance!$A$5:$A$304,">="&$L$5,Attendance!$A$5:$A$304,"<="&$L$6,Attendance!$F$5:$F$304,"P")+COUNTIFS(Attendance!$B$5:$B$304,$B$5,Attendance!$A$5:$A$304,">="&$L$5,Attendance!$A$5:$A$304,"<="&$L$6,Attendance!$F$5:$F$304,"L"))/COUNTIFS(Attendance!$B$5:$B$304,$B$5,Attendance!$A$5:$A$304,">="&$L$5,Attendance!$A$5:$A$304,"<="&$L$6))) -> 1 | I7: SAVE PDF TO DRIVE
A8: SCHOOL | B8: =IF($B$5="","",IFERROR(INDEX(Schools!$B$5:$B$304,MATCH(INDEX(Students!$E$5:$E$304,MATCH($B$5,Students!$A$5:$A$304,0)),Schools!$A$5:$A$304,0)),"")) -> Example Primary School | E8: PRESENT / ABSENT / LATE | G8: =IF($B$5="","",COUNTIFS(Attendance!$B$5:$B$304,$B$5,Attendance!$A$5:$A$304,">="&$L$5,Attendance!$A$5:$A$304,"<="&$L$6,Attendance!$F$5:$F$304,"P")&" / "&COUNTIFS(Attendance!$B$5:$B$304,$B$5,Attendance!$A$5:$A$304,">="&$L$5,Attendance!$A$5:$A$304,"<="&$L$6,Attendance!$F$5:$F$304,"A")&" / "&COUNTIFS(Attendance!$B$5:$B$304,$B$5,Attendance!$A$5:$A$304,">="&$L$5,Attendance!$A$5:$A$304,"<="&$L$6,Attendance!$F$5:$F$304,"L")) -> 1 / 0 / 0 | I8: Buttons: School System > Email Reports > Run setup
A9: ACADEMIC YEAR | B9: =Settings!B5 -> 2026/2027 | E9: FEES BALANCE | G9: =IF($B$5="","",IF(OR($B$10="",$B$10="All terms"),SUMIF(Fees!$A$5:$A$304,$B$5,Fees!$I$5:$I$304),SUMIFS(Fees!$I$5:$I$304,Fees!$A$5:$A$304,$B$5,Fees!$E$5:$E$304,$B$10))) -> 200
A10: REPORT TERM | B10: Term 1 | E10: GUARDIAN EMAIL | G10: =IF($B$5="","",IFERROR(IF(INDEX(Students!$L$5:$L$304,MATCH($B$5,Students!$A$5:$A$304,0))="","no email on file",INDEX(Students!$L$5:$L$304,MATCH($B$5,Students!$A$5:$A$304,0))),"")) -> no email on file
A12: Subject | B12: =Settings!A11 -> Term 1 | C12: =Settings!A12 -> Term 2 | D12: =Settings!A13 -> Term 3 | E12: =IF(OR($B$10="",$B$10="All terms"),"Average","Term score") -> Term score | F12: Grade | G12: Remark
A13: =IF(Settings!C11="","",Settings!C11) -> English Language | B13: =IF(OR($A13="",AND($B$10<>"",$B$10<>"All terms",$B$10<>B$12)),"",IFERROR(AVERAGEIFS(Grades!$I$5:$I$304,Grades!$A$5:$A$304,$B$5,Grades!$E$5:$E$304,$A13,Grades!$F$5:$F$304,B$12),"")) | C13: =IF(OR($A13="",AND($B$10<>"",$B$10<>"All terms",$B$10<>C$12)),"",IFERROR(AVERAGEIFS(Grades!$I$5:$I$304,Grades!$A$5:$A$304,$B$5,Grades!$E$5:$E$304,$A13,Grades!$F$5:$F$304,C$12),"")) | D13: =IF(OR($A13="",AND($B$10<>"",$B$10<>"All terms",$B$10<>D$12)),"",IFERROR(AVERAGEIFS(Grades!$I$5:$I$304,Grades!$A$5:$A$304,$B$5,Grades!$E$5:$E$304,$A13,Grades!$F$5:$F$304,D$12),"")) | E13: =IF(COUNT(B13:D13)=0,"",AVERAGE(B13:D13)) | F13: =IF(E13="","",IF(E13>=Settings!$E$11,Settings!$F$11,IF(E13>=Settings!$E$12,Settings!$F$12,IF(E13>=Settings!$E$13,Settings!$F$13,IF(E13>=Settings!$E$14,Settings!$F$14,Settings!$F$15))))) | G13: =IF(E13="","",IF(E13>=Settings!$E$11,Settings!$G$11,IF(E13>=Settings!$E$12,Settings!$G$12,IF(E13>=Settings!$E$13,Settings!$G$13,IF(E13>=Settings!$E$14,Settings!$G$14,Settings!$G$15)))))
A14: =IF(Settings!C12="","",Settings!C12) -> Mathematics | B14: =IF(OR($A14="",AND($B$10<>"",$B$10<>"All terms",$B$10<>B$12)),"",IFERROR(AVERAGEIFS(Grades!$I$5:$I$304,Grades!$A$5:$A$304,$B$5,Grades!$E$5:$E$304,$A14,Grades!$F$5:$F$304,B$12),"")) -> 77.7 | C14: =IF(OR($A14="",AND($B$10<>"",$B$10<>"All terms",$B$10<>C$12)),"",IFERROR(AVERAGEIFS(Grades!$I$5:$I$304,Grades!$A$5:$A$304,$B$5,Grades!$E$5:$E$304,$A14,Grades!$F$5:$F$304,C$12),"")) | D14: =IF(OR($A14="",AND($B$10<>"",$B$10<>"All terms",$B$10<>D$12)),"",IFERROR(AVERAGEIFS(Grades!$I$5:$I$304,Grades!$A$5:$A$304,$B$5,Grades!$E$5:$E$304,$A14,Grades!$F$5:$F$304,D$12),"")) | E14: =IF(COUNT(B14:D14)=0,"",AVERAGE(B14:D14)) -> 77.7 | F14: =IF(E14="","",IF(E14>=Settings!$E$11,Settings!$F$11,IF(E14>=Settings!$E$12,Settings!$F$12,IF(E14>=Settings!$E$13,Settings!$F$13,IF(E14>=Settings!$E$14,Settings!$F$14,Settings!$F$15))))) -> B | G14: =IF(E14="","",IF(E14>=Settings!$E$11,Settings!$G$11,IF(E14>=Settings!$E$12,Settings!$G$12,IF(E14>=Settings!$E$13,Settings!$G$13,IF(E14>=Settings!$E$14,Settings!$G$14,Settings!$G$15))))) -> Very Good
A15: =IF(Settings!C13="","",Settings!C13) -> Integrated Science | B15: =IF(OR($A15="",AND($B$10<>"",$B$10<>"All terms",$B$10<>B$12)),"",IFERROR(AVERAGEIFS(Grades!$I$5:$I$304,Grades!$A$5:$A$304,$B$5,Grades!$E$5:$E$304,$A15,Grades!$F$5:$F$304,B$12),"")) | C15: =IF(OR($A15="",AND($B$10<>"",$B$10<>"All terms",$B$10<>C$12)),"",IFERROR(AVERAGEIFS(Grades!$I$5:$I$304,Grades!$A$5:$A$304,$B$5,Grades!$E$5:$E$304,$A15,Grades!$F$5:$F$304,C$12),"")) | D15: =IF(OR($A15="",AND($B$10<>"",$B$10<>"All terms",$B$10<>D$12)),"",IFERROR(AVERAGEIFS(Grades!$I$5:$I$304,Grades!$A$5:$A$304,$B$5,Grades!$E$5:$E$304,$A15,Grades!$F$5:$F$304,D$12),"")) | E15: =IF(COUNT(B15:D15)=0,"",AVERAGE(B15:D15)) | F15: =IF(E15="","",IF(E15>=Settings!$E$11,Settings!$F$11,IF(E15>=Settings!$E$12,Settings!$F$12,IF(E15>=Settings!$E$13,Settings!$F$13,IF(E15>=Settings!$E$14,Settings!$F$14,Settings!$F$15))))) | G15: =IF(E15="","",IF(E15>=Settings!$E$11,Settings!$G$11,IF(E15>=Settings!$E$12,Settings!$G$12,IF(E15>=Settings!$E$13,Settings!$G$13,IF(E15>=Settings!$E$14,Settings!$G$14,Settings!$G$15)))))
A16: =IF(Settings!C14="","",Settings!C14) -> Social Studies | B16: =IF(OR($A16="",AND($B$10<>"",$B$10<>"All terms",$B$10<>B$12)),"",IFERROR(AVERAGEIFS(Grades!$I$5:$I$304,Grades!$A$5:$A$304,$B$5,Grades!$E$5:$E$304,$A16,Grades!$F$5:$F$304,B$12),"")) | C16: =IF(OR($A16="",AND($B$10<>"",$B$10<>"All terms",$B$10<>C$12)),"",IFERROR(AVERAGEIFS(Grades!$I$5:$I$304,Grades!$A$5:$A$304,$B$5,Grades!$E$5:$E$304,$A16,Grades!$F$5:$F$304,C$12),"")) | D16: =IF(OR($A16="",AND($B$10<>"",$B$10<>"All terms",$B$10<>D$12)),"",IFERROR(AVERAGEIFS(Grades!$I$5:$I$304,Grades!$A$5:$A$304,$B$5,Grades!$E$5:$E$304,$A16,Grades!$F$5:$F$304,D$12),"")) | E16: =IF(COUNT(B16:D16)=0,"",AVERAGE(B16:D16)) | F16: =IF(E16="","",IF(E16>=Settings!$E$11,Settings!$F$11,IF(E16>=Settings!$E$12,Settings!$F$12,IF(E16>=Settings!$E$13,Settings!$F$13,IF(E16>=Settings!$E$14,Settings!$F$14,Settings!$F$15))))) | G16: =IF(E16="","",IF(E16>=Settings!$E$11,Settings!$G$11,IF(E16>=Settings!$E$12,Settings!$G$12,IF(E16>=Settings!$E$13,Settings!$G$13,IF(E16>=Settings!$E$14,Settings!$G$14,Settings!$G$15)))))
A17: =IF(Settings!C15="","",Settings!C15) -> Religious & Moral Education | B17: =IF(OR($A17="",AND($B$10<>"",$B$10<>"All terms",$B$10<>B$12)),"",IFERROR(AVERAGEIFS(Grades!$I$5:$I$304,Grades!$A$5:$A$304,$B$5,Grades!$E$5:$E$304,$A17,Grades!$F$5:$F$304,B$12),"")) | C17: =IF(OR($A17="",AND($B$10<>"",$B$10<>"All terms",$B$10<>C$12)),"",IFERROR(AVERAGEIFS(Grades!$I$5:$I$304,Grades!$A$5:$A$304,$B$5,Grades!$E$5:$E$304,$A17,Grades!$F$5:$F$304,C$12),"")) | D17: =IF(OR($A17="",AND($B$10<>"",$B$10<>"All terms",$B$10<>D$12)),"",IFERROR(AVERAGEIFS(Grades!$I$5:$I$304,Grades!$A$5:$A$304,$B$5,Grades!$E$5:$E$304,$A17,Grades!$F$5:$F$304,D$12),"")) | E17: =IF(COUNT(B17:D17)=0,"",AVERAGE(B17:D17)) | F17: =IF(E17="","",IF(E17>=Settings!$E$11,Settings!$F$11,IF(E17>=Settings!$E$12,Settings!$F$12,IF(E17>=Settings!$E$13,Settings!$F$13,IF(E17>=Settings!$E$14,Settings!$F$14,Settings!$F$15))))) | G17: =IF(E17="","",IF(E17>=Settings!$E$11,Settings!$G$11,IF(E17>=Settings!$E$12,Settings!$G$12,IF(E17>=Settings!$E$13,Settings!$G$13,IF(E17>=Settings!$E$14,Settings!$G$14,Settings!$G$15)))))
A18: =IF(Settings!C16="","",Settings!C16) -> Physical Education | B18: =IF(OR($A18="",AND($B$10<>"",$B$10<>"All terms",$B$10<>B$12)),"",IFERROR(AVERAGEIFS(Grades!$I$5:$I$304,Grades!$A$5:$A$304,$B$5,Grades!$E$5:$E$304,$A18,Grades!$F$5:$F$304,B$12),"")) | C18: =IF(OR($A18="",AND($B$10<>"",$B$10<>"All terms",$B$10<>C$12)),"",IFERROR(AVERAGEIFS(Grades!$I$5:$I$304,Grades!$A$5:$A$304,$B$5,Grades!$E$5:$E$304,$A18,Grades!$F$5:$F$304,C$12),"")) | D18: =IF(OR($A18="",AND($B$10<>"",$B$10<>"All terms",$B$10<>D$12)),"",IFERROR(AVERAGEIFS(Grades!$I$5:$I$304,Grades!$A$5:$A$304,$B$5,Grades!$E$5:$E$304,$A18,Grades!$F$5:$F$304,D$12),"")) | E18: =IF(COUNT(B18:D18)=0,"",AVERAGE(B18:D18)) | F18: =IF(E18="","",IF(E18>=Settings!$E$11,Settings!$F$11,IF(E18>=Settings!$E$12,Settings!$F$12,IF(E18>=Settings!$E$13,Settings!$F$13,IF(E18>=Settings!$E$14,Settings!$F$14,Settings!$F$15))))) | G18: =IF(E18="","",IF(E18>=Settings!$E$11,Settings!$G$11,IF(E18>=Settings!$E$12,Settings!$G$12,IF(E18>=Settings!$E$13,Settings!$G$13,IF(E18>=Settings!$E$14,Settings!$G$14,Settings!$G$15)))))
A19: =IF(Settings!C17="","",Settings!C17) -> Creative Arts | B19: =IF(OR($A19="",AND($B$10<>"",$B$10<>"All terms",$B$10<>B$12)),"",IFERROR(AVERAGEIFS(Grades!$I$5:$I$304,Grades!$A$5:$A$304,$B$5,Grades!$E$5:$E$304,$A19,Grades!$F$5:$F$304,B$12),"")) | C19: =IF(OR($A19="",AND($B$10<>"",$B$10<>"All terms",$B$10<>C$12)),"",IFERROR(AVERAGEIFS(Grades!$I$5:$I$304,Grades!$A$5:$A$304,$B$5,Grades!$E$5:$E$304,$A19,Grades!$F$5:$F$304,C$12),"")) | D19: =IF(OR($A19="",AND($B$10<>"",$B$10<>"All terms",$B$10<>D$12)),"",IFERROR(AVERAGEIFS(Grades!$I$5:$I$304,Grades!$A$5:$A$304,$B$5,Grades!$E$5:$E$304,$A19,Grades!$F$5:$F$304,D$12),"")) | E19: =IF(COUNT(B19:D19)=0,"",AVERAGE(B19:D19)) | F19: =IF(E19="","",IF(E19>=Settings!$E$11,Settings!$F$11,IF(E19>=Settings!$E$12,Settings!$F$12,IF(E19>=Settings!$E$13,Settings!$F$13,IF(E19>=Settings!$E$14,Settings!$F$14,Settings!$F$15))))) | G19: =IF(E19="","",IF(E19>=Settings!$E$11,Settings!$G$11,IF(E19>=Settings!$E$12,Settings!$G$12,IF(E19>=Settings!$E$13,Settings!$G$13,IF(E19>=Settings!$E$14,Settings!$G$14,Settings!$G$15)))))
A20: =IF(Settings!C18="","",Settings!C18) -> Computer Studies | B20: =IF(OR($A20="",AND($B$10<>"",$B$10<>"All terms",$B$10<>B$12)),"",IFERROR(AVERAGEIFS(Grades!$I$5:$I$304,Grades!$A$5:$A$304,$B$5,Grades!$E$5:$E$304,$A20,Grades!$F$5:$F$304,B$12),"")) | C20: =IF(OR($A20="",AND($B$10<>"",$B$10<>"All terms",$B$10<>C$12)),"",IFERROR(AVERAGEIFS(Grades!$I$5:$I$304,Grades!$A$5:$A$304,$B$5,Grades!$E$5:$E$304,$A20,Grades!$F$5:$F$304,C$12),"")) | D20: =IF(OR($A20="",AND($B$10<>"",$B$10<>"All terms",$B$10<>D$12)),"",IFERROR(AVERAGEIFS(Grades!$I$5:$I$304,Grades!$A$5:$A$304,$B$5,Grades!$E$5:$E$304,$A20,Grades!$F$5:$F$304,D$12),"")) | E20: =IF(COUNT(B20:D20)=0,"",AVERAGE(B20:D20)) | F20: =IF(E20="","",IF(E20>=Settings!$E$11,Settings!$F$11,IF(E20>=Settings!$E$12,Settings!$F$12,IF(E20>=Settings!$E$13,Settings!$F$13,IF(E20>=Settings!$E$14,Settings!$F$14,Settings!$F$15))))) | G20: =IF(E20="","",IF(E20>=Settings!$E$11,Settings!$G$11,IF(E20>=Settings!$E$12,Settings!$G$12,IF(E20>=Settings!$E$13,Settings!$G$13,IF(E20>=Settings!$E$14,Settings!$G$14,Settings!$G$15)))))
A21: =IF(Settings!C19="","",Settings!C19) -> French | B21: =IF(OR($A21="",AND($B$10<>"",$B$10<>"All terms",$B$10<>B$12)),"",IFERROR(AVERAGEIFS(Grades!$I$5:$I$304,Grades!$A$5:$A$304,$B$5,Grades!$E$5:$E$304,$A21,Grades!$F$5:$F$304,B$12),"")) | C21: =IF(OR($A21="",AND($B$10<>"",$B$10<>"All terms",$B$10<>C$12)),"",IFERROR(AVERAGEIFS(Grades!$I$5:$I$304,Grades!$A$5:$A$304,$B$5,Grades!$E$5:$E$304,$A21,Grades!$F$5:$F$304,C$12),"")) | D21: =IF(OR($A21="",AND($B$10<>"",$B$10<>"All terms",$B$10<>D$12)),"",IFERROR(AVERAGEIFS(Grades!$I$5:$I$304,Grades!$A$5:$A$304,$B$5,Grades!$E$5:$E$304,$A21,Grades!$F$5:$F$304,D$12),"")) | E21: =IF(COUNT(B21:D21)=0,"",AVERAGE(B21:D21)) | F21: =IF(E21="","",IF(E21>=Settings!$E$11,Settings!$F$11,IF(E21>=Settings!$E$12,Settings!$F$12,IF(E21>=Settings!$E$13,Settings!$F$13,IF(E21>=Settings!$E$14,Settings!$F$14,Settings!$F$15))))) | G21: =IF(E21="","",IF(E21>=Settings!$E$11,Settings!$G$11,IF(E21>=Settings!$E$12,Settings!$G$12,IF(E21>=Settings!$E$13,Settings!$G$13,IF(E21>=Settings!$E$14,Settings!$G$14,Settings!$G$15)))))
A22: =IF(Settings!C20="","",Settings!C20) -> Agriculture | B22: =IF(OR($A22="",AND($B$10<>"",$B$10<>"All terms",$B$10<>B$12)),"",IFERROR(AVERAGEIFS(Grades!$I$5:$I$304,Grades!$A$5:$A$304,$B$5,Grades!$E$5:$E$304,$A22,Grades!$F$5:$F$304,B$12),"")) | C22: =IF(OR($A22="",AND($B$10<>"",$B$10<>"All terms",$B$10<>C$12)),"",IFERROR(AVERAGEIFS(Grades!$I$5:$I$304,Grades!$A$5:$A$304,$B$5,Grades!$E$5:$E$304,$A22,Grades!$F$5:$F$304,C$12),"")) | D22: =IF(OR($A22="",AND($B$10<>"",$B$10<>"All terms",$B$10<>D$12)),"",IFERROR(AVERAGEIFS(Grades!$I$5:$I$304,Grades!$A$5:$A$304,$B$5,Grades!$E$5:$E$304,$A22,Grades!$F$5:$F$304,D$12),"")) | E22: =IF(COUNT(B22:D22)=0,"",AVERAGE(B22:D22)) | F22: =IF(E22="","",IF(E22>=Settings!$E$11,Settings!$F$11,IF(E22>=Settings!$E$12,Settings!$F$12,IF(E22>=Settings!$E$13,Settings!$F$13,IF(E22>=Settings!$E$14,Settings!$F$14,Settings!$F$15))))) | G22: =IF(E22="","",IF(E22>=Settings!$E$11,Settings!$G$11,IF(E22>=Settings!$E$12,Settings!$G$12,IF(E22>=Settings!$E$13,Settings!$G$13,IF(E22>=Settings!$E$14,Settings!$G$14,Settings!$G$15)))))
A23: =IF(Settings!C21="","",Settings!C21) | B23: =IF(OR($A23="",AND($B$10<>"",$B$10<>"All terms",$B$10<>B$12)),"",IFERROR(AVERAGEIFS(Grades!$I$5:$I$304,Grades!$A$5:$A$304,$B$5,Grades!$E$5:$E$304,$A23,Grades!$F$5:$F$304,B$12),"")) | C23: =IF(OR($A23="",AND($B$10<>"",$B$10<>"All terms",$B$10<>C$12)),"",IFERROR(AVERAGEIFS(Grades!$I$5:$I$304,Grades!$A$5:$A$304,$B$5,Grades!$E$5:$E$304,$A23,Grades!$F$5:$F$304,C$12),"")) | D23: =IF(OR($A23="",AND($B$10<>"",$B$10<>"All terms",$B$10<>D$12)),"",IFERROR(AVERAGEIFS(Grades!$I$5:$I$304,Grades!$A$5:$A$304,$B$5,Grades!$E$5:$E$304,$A23,Grades!$F$5:$F$304,D$12),"")) | E23: =IF(COUNT(B23:D23)=0,"",AVERAGE(B23:D23)) | F23: =IF(E23="","",IF(E23>=Settings!$E$11,Settings!$F$11,IF(E23>=Settings!$E$12,Settings!$F$12,IF(E23>=Settings!$E$13,Settings!$F$13,IF(E23>=Settings!$E$14,Settings!$F$14,Settings!$F$15))))) | G23: =IF(E23="","",IF(E23>=Settings!$E$11,Settings!$G$11,IF(E23>=Settings!$E$12,Settings!$G$12,IF(E23>=Settings!$E$13,Settings!$G$13,IF(E23>=Settings!$E$14,Settings!$G$14,Settings!$G$15)))))
A24: =IF(Settings!C22="","",Settings!C22) | B24: =IF(OR($A24="",AND($B$10<>"",$B$10<>"All terms",$B$10<>B$12)),"",IFERROR(AVERAGEIFS(Grades!$I$5:$I$304,Grades!$A$5:$A$304,$B$5,Grades!$E$5:$E$304,$A24,Grades!$F$5:$F$304,B$12),"")) | C24: =IF(OR($A24="",AND($B$10<>"",$B$10<>"All terms",$B$10<>C$12)),"",IFERROR(AVERAGEIFS(Grades!$I$5:$I$304,Grades!$A$5:$A$304,$B$5,Grades!$E$5:$E$304,$A24,Grades!$F$5:$F$304,C$12),"")) | D24: =IF(OR($A24="",AND($B$10<>"",$B$10<>"All terms",$B$10<>D$12)),"",IFERROR(AVERAGEIFS(Grades!$I$5:$I$304,Grades!$A$5:$A$304,$B$5,Grades!$E$5:$E$304,$A24,Grades!$F$5:$F$304,D$12),"")) | E24: =IF(COUNT(B24:D24)=0,"",AVERAGE(B24:D24)) | F24: =IF(E24="","",IF(E24>=Settings!$E$11,Settings!$F$11,IF(E24>=Settings!$E$12,Settings!$F$12,IF(E24>=Settings!$E$13,Settings!$F$13,IF(E24>=Settings!$E$14,Settings!$F$14,Settings!$F$15))))) | G24: =IF(E24="","",IF(E24>=Settings!$E$11,Settings!$G$11,IF(E24>=Settings!$E$12,Settings!$G$12,IF(E24>=Settings!$E$13,Settings!$G$13,IF(E24>=Settings!$E$14,Settings!$G$14,Settings!$G$15)))))
... A27: =IF(Settings!C25="","",Settings!C25) | B27: =IF(OR($A27="",AND($B$10<>"",$B$10<>"All terms",$B$10<>B$12)),"",IFERROR(AVERAGEIFS(Grades!$I$5:$I$304,Grades!$A$5:$A$304,$B$5,Grades!$E$5:$E$304,$A27,Grades!$F$5:$F$304,B$12),"")) | C27: =IF(OR($A27="",AND($B$10<>"",$B$10<>"All terms",$B$10<>C$12)),"",IFERROR(AVERAGEIFS(Grades!$I$5:$I$304,Grades!$A$5:$A$304,$B$5,Grades!$E$5:$E$304,$A27,Grades!$F$5:$F$304,C$12),"")) | D27: =IF(OR($A27="",AND($B$10<>"",$B$10<>"All terms",$B$10<>D$12)),"",IFERROR(AVERAGEIFS(Grades!$I$5:$I$304,Grades!$A$5:$A$304,$B$5,Grades!$E$5:$E$304,$A27,Grades!$F$5:$F$304,D$12),"")) | E27: =IF(COUNT(B27:D27)=0,"",AVERAGE(B27:D27)) | F27: =IF(E27="","",IF(E27>=Settings!$E$11,Settings!$F$11,IF(E27>=Settings!$E$12,Settings!$F$12,IF(E27>=Settings!$E$13,Settings!$F$13,IF(E27>=Settings!$E$14,Settings!$F$14,Settings!$F$15))))) | G27: =IF(E27="","",IF(E27>=Settings!$E$11,Settings!$G$11,IF(E27>=Settings!$E$12,Settings!$G$12,IF(E27>=Settings!$E$13,Settings!$G$13,IF(E27>=Settings!$E$14,Settings!$G$14,Settings!$G$15)))))
A30: Overall average | B30: =IF(COUNT(B13:B27)=0,"",AVERAGE(B13:B27)) -> 77.7 | C30: =IF(COUNT(C13:C27)=0,"",AVERAGE(C13:C27)) | D30: =IF(COUNT(D13:D27)=0,"",AVERAGE(D13:D27)) | E30: =IF(COUNT(E13:E27)=0,"",AVERAGE(E13:E27)) -> 77.7 | F30: =IF(E30="","",IF(E30>=Settings!$E$11,Settings!$F$11,IF(E30>=Settings!$E$12,Settings!$F$12,IF(E30>=Settings!$E$13,Settings!$F$13,IF(E30>=Settings!$E$14,Settings!$F$14,Settings!$F$15))))) -> B | G30: =IF(E30="","",IF(E30>=Settings!$E$11,Settings!$G$11,IF(E30>=Settings!$E$12,Settings!$G$12,IF(E30>=Settings!$E$13,Settings!$G$13,IF(E30>=Settings!$E$14,Settings!$G$14,Settings!$G$15))))) -> Very Good
A33: Class teacher: ____________________________ | E33: Date: ____________
A35: Head teacher: ____________________________ | E35: Date: ____________
A37: Parent / guardian: ____________________________ | E37: Date: ____________

Sheet Results
A1: Class Results
A2: Pick a School ID, Class and Term. Students are listed, ranked by average, ready to print.
A4: SCHOOL ID | C4: SCH01 | D4: =IF($C$4="","",IFERROR(INDEX(Schools!$B$5:$B$304,MATCH($C$4,Schools!$A$5:$A$304,0)),"School not found")) -> Example Primary School | U4: EMAIL REPORT CARDS (THIS CLASS & TERM)
A5: CLASS | C5: Class 4 | D5: =IF($C$5="","",COUNTIFS(Students!$E$5:$E$304,$C$4,Students!$F$5:$F$304,$C$5,Students!$K$5:$K$304,"Active")&" active students | "&$C$6&" | "&Settings!B5) -> 1 active students | Term 1 | 2026/2027 | U5: EMAIL RESULTS TO CLASS TEACHER
A6: TERM | C6: Term 1 | U6: Buttons: School System > Email Reports > Run setup
A7: Shows the first 12 subjects in Settings. Position is by average score; equal averages share a position. Each student has a separate report card per term: use Email Report Cards for this class and term.
A9: No. | B9: Student ID | C9: Student Name | D9: =IF(Settings!C11="","",Settings!C11) -> English Language | E9: =IF(Settings!C12="","",Settings!C12) -> Mathematics | F9: =IF(Settings!C13="","",Settings!C13) -> Integrated Science | G9: =IF(Settings!C14="","",Settings!C14) -> Social Studies | H9: =IF(Settings!C15="","",Settings!C15) -> Religious & Moral Education | I9: =IF(Settings!C16="","",Settings!C16) -> Physical Education | J9: =IF(Settings!C17="","",Settings!C17) -> Creative Arts | K9: =IF(Settings!C18="","",Settings!C18) -> Computer Studies | L9: =IF(Settings!C19="","",Settings!C19) -> French | M9: =IF(Settings!C20="","",Settings!C20) -> Agriculture | N9: =IF(Settings!C21="","",Settings!C21) | O9: =IF(Settings!C22="","",Settings!C22) | P9: Total | Q9: Average | R9: Grade | S9: Position
A10: =IF($B10="","",1) -> 1 | B10: =IFERROR(INDEX(Students!$A$5:$A$304,MATCH($C$4&"|"&$C$5&"|"&1,Students!$O$5:$O$304,0)),"") -> S0001 | C10: =IF($B10="","",INDEX(Students!$B$5:$B$304,MATCH($B10,Students!$A$5:$A$304,0))) -> Aminata Conteh | D10: =IF(OR($B10="",D$9=""),"",IFERROR(AVERAGEIFS(Grades!$I$5:$I$304,Grades!$A$5:$A$304,$B10,Grades!$E$5:$E$304,D$9,Grades!$F$5:$F$304,$C$6),"")) | E10: =IF(OR($B10="",E$9=""),"",IFERROR(AVERAGEIFS(Grades!$I$5:$I$304,Grades!$A$5:$A$304,$B10,Grades!$E$5:$E$304,E$9,Grades!$F$5:$F$304,$C$6),"")) -> 77.7 | F10: =IF(OR($B10="",F$9=""),"",IFERROR(AVERAGEIFS(Grades!$I$5:$I$304,Grades!$A$5:$A$304,$B10,Grades!$E$5:$E$304,F$9,Grades!$F$5:$F$304,$C$6),"")) | G10: =IF(OR($B10="",G$9=""),"",IFERROR(AVERAGEIFS(Grades!$I$5:$I$304,Grades!$A$5:$A$304,$B10,Grades!$E$5:$E$304,G$9,Grades!$F$5:$F$304,$C$6),"")) | H10: =IF(OR($B10="",H$9=""),"",IFERROR(AVERAGEIFS(Grades!$I$5:$I$304,Grades!$A$5:$A$304,$B10,Grades!$E$5:$E$304,H$9,Grades!$F$5:$F$304,$C$6),"")) | I10: =IF(OR($B10="",I$9=""),"",IFERROR(AVERAGEIFS(Grades!$I$5:$I$304,Grades!$A$5:$A$304,$B10,Grades!$E$5:$E$304,I$9,Grades!$F$5:$F$304,$C$6),"")) | J10: =IF(OR($B10="",J$9=""),"",IFERROR(AVERAGEIFS(Grades!$I$5:$I$304,Grades!$A$5:$A$304,$B10,Grades!$E$5:$E$304,J$9,Grades!$F$5:$F$304,$C$6),"")) | K10: =IF(OR($B10="",K$9=""),"",IFERROR(AVERAGEIFS(Grades!$I$5:$I$304,Grades!$A$5:$A$304,$B10,Grades!$E$5:$E$304,K$9,Grades!$F$5:$F$304,$C$6),"")) | ... O10: =IF(OR($B10="",O$9=""),"",IFERROR(AVERAGEIFS(Grades!$I$5:$I$304,Grades!$A$5:$A$304,$B10,Grades!$E$5:$E$304,O$9,Grades!$F$5:$F$304,$C$6),"")) | P10: =IF(COUNT(D10:O10)=0,"",SUM(D10:O10)) -> 77.7 | Q10: =IF(COUNT(D10:O10)=0,"",AVERAGE(D10:O10)) -> 77.7 | R10: =IF(Q10="","",IF(Q10>=Settings!$E$11,Settings!$F$11,IF(Q10>=Settings!$E$12,Settings!$F$12,IF(Q10>=Settings!$E$13,Settings!$F$13,IF(Q10>=Settings!$E$14,Settings!$F$14,Settings!$F$15))))) -> B | S10: =IF(Q10="","",RANK(Q10,$Q$10:$Q$49)) -> 1
A11: =IF($B11="","",2) | B11: =IFERROR(INDEX(Students!$A$5:$A$304,MATCH($C$4&"|"&$C$5&"|"&2,Students!$O$5:$O$304,0)),"") | C11: =IF($B11="","",INDEX(Students!$B$5:$B$304,MATCH($B11,Students!$A$5:$A$304,0))) | D11: =IF(OR($B11="",D$9=""),"",IFERROR(AVERAGEIFS(Grades!$I$5:$I$304,Grades!$A$5:$A$304,$B11,Grades!$E$5:$E$304,D$9,Grades!$F$5:$F$304,$C$6),"")) | E11: =IF(OR($B11="",E$9=""),"",IFERROR(AVERAGEIFS(Grades!$I$5:$I$304,Grades!$A$5:$A$304,$B11,Grades!$E$5:$E$304,E$9,Grades!$F$5:$F$304,$C$6),"")) | F11: =IF(OR($B11="",F$9=""),"",IFERROR(AVERAGEIFS(Grades!$I$5:$I$304,Grades!$A$5:$A$304,$B11,Grades!$E$5:$E$304,F$9,Grades!$F$5:$F$304,$C$6),"")) | G11: =IF(OR($B11="",G$9=""),"",IFERROR(AVERAGEIFS(Grades!$I$5:$I$304,Grades!$A$5:$A$304,$B11,Grades!$E$5:$E$304,G$9,Grades!$F$5:$F$304,$C$6),"")) | H11: =IF(OR($B11="",H$9=""),"",IFERROR(AVERAGEIFS(Grades!$I$5:$I$304,Grades!$A$5:$A$304,$B11,Grades!$E$5:$E$304,H$9,Grades!$F$5:$F$304,$C$6),"")) | I11: =IF(OR($B11="",I$9=""),"",IFERROR(AVERAGEIFS(Grades!$I$5:$I$304,Grades!$A$5:$A$304,$B11,Grades!$E$5:$E$304,I$9,Grades!$F$5:$F$304,$C$6),"")) | J11: =IF(OR($B11="",J$9=""),"",IFERROR(AVERAGEIFS(Grades!$I$5:$I$304,Grades!$A$5:$A$304,$B11,Grades!$E$5:$E$304,J$9,Grades!$F$5:$F$304,$C$6),"")) | K11: =IF(OR($B11="",K$9=""),"",IFERROR(AVERAGEIFS(Grades!$I$5:$I$304,Grades!$A$5:$A$304,$B11,Grades!$E$5:$E$304,K$9,Grades!$F$5:$F$304,$C$6),"")) | ... O11: =IF(OR($B11="",O$9=""),"",IFERROR(AVERAGEIFS(Grades!$I$5:$I$304,Grades!$A$5:$A$304,$B11,Grades!$E$5:$E$304,O$9,Grades!$F$5:$F$304,$C$6),"")) | P11: =IF(COUNT(D11:O11)=0,"",SUM(D11:O11)) | Q11: =IF(COUNT(D11:O11)=0,"",AVERAGE(D11:O11)) | R11: =IF(Q11="","",IF(Q11>=Settings!$E$11,Settings!$F$11,IF(Q11>=Settings!$E$12,Settings!$F$12,IF(Q11>=Settings!$E$13,Settings!$F$13,IF(Q11>=Settings!$E$14,Settings!$F$14,Settings!$F$15))))) | S11: =IF(Q11="","",RANK(Q11,$Q$10:$Q$49))
A12: =IF($B12="","",3) | B12: =IFERROR(INDEX(Students!$A$5:$A$304,MATCH($C$4&"|"&$C$5&"|"&3,Students!$O$5:$O$304,0)),"") | C12: =IF($B12="","",INDEX(Students!$B$5:$B$304,MATCH($B12,Students!$A$5:$A$304,0))) | D12: =IF(OR($B12="",D$9=""),"",IFERROR(AVERAGEIFS(Grades!$I$5:$I$304,Grades!$A$5:$A$304,$B12,Grades!$E$5:$E$304,D$9,Grades!$F$5:$F$304,$C$6),"")) | E12: =IF(OR($B12="",E$9=""),"",IFERROR(AVERAGEIFS(Grades!$I$5:$I$304,Grades!$A$5:$A$304,$B12,Grades!$E$5:$E$304,E$9,Grades!$F$5:$F$304,$C$6),"")) | F12: =IF(OR($B12="",F$9=""),"",IFERROR(AVERAGEIFS(Grades!$I$5:$I$304,Grades!$A$5:$A$304,$B12,Grades!$E$5:$E$304,F$9,Grades!$F$5:$F$304,$C$6),"")) | G12: =IF(OR($B12="",G$9=""),"",IFERROR(AVERAGEIFS(Grades!$I$5:$I$304,Grades!$A$5:$A$304,$B12,Grades!$E$5:$E$304,G$9,Grades!$F$5:$F$304,$C$6),"")) | H12: =IF(OR($B12="",H$9=""),"",IFERROR(AVERAGEIFS(Grades!$I$5:$I$304,Grades!$A$5:$A$304,$B12,Grades!$E$5:$E$304,H$9,Grades!$F$5:$F$304,$C$6),"")) | I12: =IF(OR($B12="",I$9=""),"",IFERROR(AVERAGEIFS(Grades!$I$5:$I$304,Grades!$A$5:$A$304,$B12,Grades!$E$5:$E$304,I$9,Grades!$F$5:$F$304,$C$6),"")) | J12: =IF(OR($B12="",J$9=""),"",IFERROR(AVERAGEIFS(Grades!$I$5:$I$304,Grades!$A$5:$A$304,$B12,Grades!$E$5:$E$304,J$9,Grades!$F$5:$F$304,$C$6),"")) | K12: =IF(OR($B12="",K$9=""),"",IFERROR(AVERAGEIFS(Grades!$I$5:$I$304,Grades!$A$5:$A$304,$B12,Grades!$E$5:$E$304,K$9,Grades!$F$5:$F$304,$C$6),"")) | ... O12: =IF(OR($B12="",O$9=""),"",IFERROR(AVERAGEIFS(Grades!$I$5:$I$304,Grades!$A$5:$A$304,$B12,Grades!$E$5:$E$304,O$9,Grades!$F$5:$F$304,$C$6),"")) | P12: =IF(COUNT(D12:O12)=0,"",SUM(D12:O12)) | Q12: =IF(COUNT(D12:O12)=0,"",AVERAGE(D12:O12)) | R12: =IF(Q12="","",IF(Q12>=Settings!$E$11,Settings!$F$11,IF(Q12>=Settings!$E$12,Settings!$F$12,IF(Q12>=Settings!$E$13,Settings!$F$13,IF(Q12>=Settings!$E$14,Settings!$F$14,Settings!$F$15))))) | S12: =IF(Q12="","",RANK(Q12,$Q$10:$Q$49))
A13: =IF($B13="","",4) | B13: =IFERROR(INDEX(Students!$A$5:$A$304,MATCH($C$4&"|"&$C$5&"|"&4,Students!$O$5:$O$304,0)),"") | C13: =IF($B13="","",INDEX(Students!$B$5:$B$304,MATCH($B13,Students!$A$5:$A$304,0))) | D13: =IF(OR($B13="",D$9=""),"",IFERROR(AVERAGEIFS(Grades!$I$5:$I$304,Grades!$A$5:$A$304,$B13,Grades!$E$5:$E$304,D$9,Grades!$F$5:$F$304,$C$6),"")) | E13: =IF(OR($B13="",E$9=""),"",IFERROR(AVERAGEIFS(Grades!$I$5:$I$304,Grades!$A$5:$A$304,$B13,Grades!$E$5:$E$304,E$9,Grades!$F$5:$F$304,$C$6),"")) | F13: =IF(OR($B13="",F$9=""),"",IFERROR(AVERAGEIFS(Grades!$I$5:$I$304,Grades!$A$5:$A$304,$B13,Grades!$E$5:$E$304,F$9,Grades!$F$5:$F$304,$C$6),"")) | G13: =IF(OR($B13="",G$9=""),"",IFERROR(AVERAGEIFS(Grades!$I$5:$I$304,Grades!$A$5:$A$304,$B13,Grades!$E$5:$E$304,G$9,Grades!$F$5:$F$304,$C$6),"")) | H13: =IF(OR($B13="",H$9=""),"",IFERROR(AVERAGEIFS(Grades!$I$5:$I$304,Grades!$A$5:$A$304,$B13,Grades!$E$5:$E$304,H$9,Grades!$F$5:$F$304,$C$6),"")) | I13: =IF(OR($B13="",I$9=""),"",IFERROR(AVERAGEIFS(Grades!$I$5:$I$304,Grades!$A$5:$A$304,$B13,Grades!$E$5:$E$304,I$9,Grades!$F$5:$F$304,$C$6),"")) | J13: =IF(OR($B13="",J$9=""),"",IFERROR(AVERAGEIFS(Grades!$I$5:$I$304,Grades!$A$5:$A$304,$B13,Grades!$E$5:$E$304,J$9,Grades!$F$5:$F$304,$C$6),"")) | K13: =IF(OR($B13="",K$9=""),"",IFERROR(AVERAGEIFS(Grades!$I$5:$I$304,Grades!$A$5:$A$304,$B13,Grades!$E$5:$E$304,K$9,Grades!$F$5:$F$304,$C$6),"")) | ... O13: =IF(OR($B13="",O$9=""),"",IFERROR(AVERAGEIFS(Grades!$I$5:$I$304,Grades!$A$5:$A$304,$B13,Grades!$E$5:$E$304,O$9,Grades!$F$5:$F$304,$C$6),"")) | P13: =IF(COUNT(D13:O13)=0,"",SUM(D13:O13)) | Q13: =IF(COUNT(D13:O13)=0,"",AVERAGE(D13:O13)) | R13: =IF(Q13="","",IF(Q13>=Settings!$E$11,Settings!$F$11,IF(Q13>=Settings!$E$12,Settings!$F$12,IF(Q13>=Settings!$E$13,Settings!$F$13,IF(Q13>=Settings!$E$14,Settings!$F$14,Settings!$F$15))))) | S13: =IF(Q13="","",RANK(Q13,$Q$10:$Q$49))
A14: =IF($B14="","",5) | B14: =IFERROR(INDEX(Students!$A$5:$A$304,MATCH($C$4&"|"&$C$5&"|"&5,Students!$O$5:$O$304,0)),"") | C14: =IF($B14="","",INDEX(Students!$B$5:$B$304,MATCH($B14,Students!$A$5:$A$304,0))) | D14: =IF(OR($B14="",D$9=""),"",IFERROR(AVERAGEIFS(Grades!$I$5:$I$304,Grades!$A$5:$A$304,$B14,Grades!$E$5:$E$304,D$9,Grades!$F$5:$F$304,$C$6),"")) | E14: =IF(OR($B14="",E$9=""),"",IFERROR(AVERAGEIFS(Grades!$I$5:$I$304,Grades!$A$5:$A$304,$B14,Grades!$E$5:$E$304,E$9,Grades!$F$5:$F$304,$C$6),"")) | F14: =IF(OR($B14="",F$9=""),"",IFERROR(AVERAGEIFS(Grades!$I$5:$I$304,Grades!$A$5:$A$304,$B14,Grades!$E$5:$E$304,F$9,Grades!$F$5:$F$304,$C$6),"")) | G14: =IF(OR($B14="",G$9=""),"",IFERROR(AVERAGEIFS(Grades!$I$5:$I$304,Grades!$A$5:$A$304,$B14,Grades!$E$5:$E$304,G$9,Grades!$F$5:$F$304,$C$6),"")) | H14: =IF(OR($B14="",H$9=""),"",IFERROR(AVERAGEIFS(Grades!$I$5:$I$304,Grades!$A$5:$A$304,$B14,Grades!$E$5:$E$304,H$9,Grades!$F$5:$F$304,$C$6),"")) | I14: =IF(OR($B14="",I$9=""),"",IFERROR(AVERAGEIFS(Grades!$I$5:$I$304,Grades!$A$5:$A$304,$B14,Grades!$E$5:$E$304,I$9,Grades!$F$5:$F$304,$C$6),"")) | J14: =IF(OR($B14="",J$9=""),"",IFERROR(AVERAGEIFS(Grades!$I$5:$I$304,Grades!$A$5:$A$304,$B14,Grades!$E$5:$E$304,J$9,Grades!$F$5:$F$304,$C$6),"")) | K14: =IF(OR($B14="",K$9=""),"",IFERROR(AVERAGEIFS(Grades!$I$5:$I$304,Grades!$A$5:$A$304,$B14,Grades!$E$5:$E$304,K$9,Grades!$F$5:$F$304,$C$6),"")) | ... O14: =IF(OR($B14="",O$9=""),"",IFERROR(AVERAGEIFS(Grades!$I$5:$I$304,Grades!$A$5:$A$304,$B14,Grades!$E$5:$E$304,O$9,Grades!$F$5:$F$304,$C$6),"")) | P14: =IF(COUNT(D14:O14)=0,"",SUM(D14:O14)) | Q14: =IF(COUNT(D14:O14)=0,"",AVERAGE(D14:O14)) | R14: =IF(Q14="","",IF(Q14>=Settings!$E$11,Settings!$F$11,IF(Q14>=Settings!$E$12,Settings!$F$12,IF(Q14>=Settings!$E$13,Settings!$F$13,IF(Q14>=Settings!$E$14,Settings!$F$14,Settings!$F$15))))) | S14: =IF(Q14="","",RANK(Q14,$Q$10:$Q$49))
A15: =IF($B15="","",6) | B15: =IFERROR(INDEX(Students!$A$5:$A$304,MATCH($C$4&"|"&$C$5&"|"&6,Students!$O$5:$O$304,0)),"") | C15: =IF($B15="","",INDEX(Students!$B$5:$B$304,MATCH($B15,Students!$A$5:$A$304,0))) | D15: =IF(OR($B15="",D$9=""),"",IFERROR(AVERAGEIFS(Grades!$I$5:$I$304,Grades!$A$5:$A$304,$B15,Grades!$E$5:$E$304,D$9,Grades!$F$5:$F$304,$C$6),"")) | E15: =IF(OR($B15="",E$9=""),"",IFERROR(AVERAGEIFS(Grades!$I$5:$I$304,Grades!$A$5:$A$304,$B15,Grades!$E$5:$E$304,E$9,Grades!$F$5:$F$304,$C$6),"")) | F15: =IF(OR($B15="",F$9=""),"",IFERROR(AVERAGEIFS(Grades!$I$5:$I$304,Grades!$A$5:$A$304,$B15,Grades!$E$5:$E$304,F$9,Grades!$F$5:$F$304,$C$6),"")) | G15: =IF(OR($B15="",G$9=""),"",IFERROR(AVERAGEIFS(Grades!$I$5:$I$304,Grades!$A$5:$A$304,$B15,Grades!$E$5:$E$304,G$9,Grades!$F$5:$F$304,$C$6),"")) | H15: =IF(OR($B15="",H$9=""),"",IFERROR(AVERAGEIFS(Grades!$I$5:$I$304,Grades!$A$5:$A$304,$B15,Grades!$E$5:$E$304,H$9,Grades!$F$5:$F$304,$C$6),"")) | I15: =IF(OR($B15="",I$9=""),"",IFERROR(AVERAGEIFS(Grades!$I$5:$I$304,Grades!$A$5:$A$304,$B15,Grades!$E$5:$E$304,I$9,Grades!$F$5:$F$304,$C$6),"")) | J15: =IF(OR($B15="",J$9=""),"",IFERROR(AVERAGEIFS(Grades!$I$5:$I$304,Grades!$A$5:$A$304,$B15,Grades!$E$5:$E$304,J$9,Grades!$F$5:$F$304,$C$6),"")) | K15: =IF(OR($B15="",K$9=""),"",IFERROR(AVERAGEIFS(Grades!$I$5:$I$304,Grades!$A$5:$A$304,$B15,Grades!$E$5:$E$304,K$9,Grades!$F$5:$F$304,$C$6),"")) | ... O15: =IF(OR($B15="",O$9=""),"",IFERROR(AVERAGEIFS(Grades!$I$5:$I$304,Grades!$A$5:$A$304,$B15,Grades!$E$5:$E$304,O$9,Grades!$F$5:$F$304,$C$6),"")) | P15: =IF(COUNT(D15:O15)=0,"",SUM(D15:O15)) | Q15: =IF(COUNT(D15:O15)=0,"",AVERAGE(D15:O15)) | R15: =IF(Q15="","",IF(Q15>=Settings!$E$11,Settings!$F$11,IF(Q15>=Settings!$E$12,Settings!$F$12,IF(Q15>=Settings!$E$13,Settings!$F$13,IF(Q15>=Settings!$E$14,Settings!$F$14,Settings!$F$15))))) | S15: =IF(Q15="","",RANK(Q15,$Q$10:$Q$49))
A16: =IF($B16="","",7) | B16: =IFERROR(INDEX(Students!$A$5:$A$304,MATCH($C$4&"|"&$C$5&"|"&7,Students!$O$5:$O$304,0)),"") | C16: =IF($B16="","",INDEX(Students!$B$5:$B$304,MATCH($B16,Students!$A$5:$A$304,0))) | D16: =IF(OR($B16="",D$9=""),"",IFERROR(AVERAGEIFS(Grades!$I$5:$I$304,Grades!$A$5:$A$304,$B16,Grades!$E$5:$E$304,D$9,Grades!$F$5:$F$304,$C$6),"")) | E16: =IF(OR($B16="",E$9=""),"",IFERROR(AVERAGEIFS(Grades!$I$5:$I$304,Grades!$A$5:$A$304,$B16,Grades!$E$5:$E$304,E$9,Grades!$F$5:$F$304,$C$6),"")) | F16: =IF(OR($B16="",F$9=""),"",IFERROR(AVERAGEIFS(Grades!$I$5:$I$304,Grades!$A$5:$A$304,$B16,Grades!$E$5:$E$304,F$9,Grades!$F$5:$F$304,$C$6),"")) | G16: =IF(OR($B16="",G$9=""),"",IFERROR(AVERAGEIFS(Grades!$I$5:$I$304,Grades!$A$5:$A$304,$B16,Grades!$E$5:$E$304,G$9,Grades!$F$5:$F$304,$C$6),"")) | H16: =IF(OR($B16="",H$9=""),"",IFERROR(AVERAGEIFS(Grades!$I$5:$I$304,Grades!$A$5:$A$304,$B16,Grades!$E$5:$E$304,H$9,Grades!$F$5:$F$304,$C$6),"")) | I16: =IF(OR($B16="",I$9=""),"",IFERROR(AVERAGEIFS(Grades!$I$5:$I$304,Grades!$A$5:$A$304,$B16,Grades!$E$5:$E$304,I$9,Grades!$F$5:$F$304,$C$6),"")) | J16: =IF(OR($B16="",J$9=""),"",IFERROR(AVERAGEIFS(Grades!$I$5:$I$304,Grades!$A$5:$A$304,$B16,Grades!$E$5:$E$304,J$9,Grades!$F$5:$F$304,$C$6),"")) | K16: =IF(OR($B16="",K$9=""),"",IFERROR(AVERAGEIFS(Grades!$I$5:$I$304,Grades!$A$5:$A$304,$B16,Grades!$E$5:$E$304,K$9,Grades!$F$5:$F$304,$C$6),"")) | ... O16: =IF(OR($B16="",O$9=""),"",IFERROR(AVERAGEIFS(Grades!$I$5:$I$304,Grades!$A$5:$A$304,$B16,Grades!$E$5:$E$304,O$9,Grades!$F$5:$F$304,$C$6),"")) | P16: =IF(COUNT(D16:O16)=0,"",SUM(D16:O16)) | Q16: =IF(COUNT(D16:O16)=0,"",AVERAGE(D16:O16)) | R16: =IF(Q16="","",IF(Q16>=Settings!$E$11,Settings!$F$11,IF(Q16>=Settings!$E$12,Settings!$F$12,IF(Q16>=Settings!$E$13,Settings!$F$13,IF(Q16>=Settings!$E$14,Settings!$F$14,Settings!$F$15))))) | S16: =IF(Q16="","",RANK(Q16,$Q$10:$Q$49))
A17: =IF($B17="","",8) | B17: =IFERROR(INDEX(Students!$A$5:$A$304,MATCH($C$4&"|"&$C$5&"|"&8,Students!$O$5:$O$304,0)),"") | C17: =IF($B17="","",INDEX(Students!$B$5:$B$304,MATCH($B17,Students!$A$5:$A$304,0))) | D17: =IF(OR($B17="",D$9=""),"",IFERROR(AVERAGEIFS(Grades!$I$5:$I$304,Grades!$A$5:$A$304,$B17,Grades!$E$5:$E$304,D$9,Grades!$F$5:$F$304,$C$6),"")) | E17: =IF(OR($B17="",E$9=""),"",IFERROR(AVERAGEIFS(Grades!$I$5:$I$304,Grades!$A$5:$A$304,$B17,Grades!$E$5:$E$304,E$9,Grades!$F$5:$F$304,$C$6),"")) | F17: =IF(OR($B17="",F$9=""),"",IFERROR(AVERAGEIFS(Grades!$I$5:$I$304,Grades!$A$5:$A$304,$B17,Grades!$E$5:$E$304,F$9,Grades!$F$5:$F$304,$C$6),"")) | G17: =IF(OR($B17="",G$9=""),"",IFERROR(AVERAGEIFS(Grades!$I$5:$I$304,Grades!$A$5:$A$304,$B17,Grades!$E$5:$E$304,G$9,Grades!$F$5:$F$304,$C$6),"")) | H17: =IF(OR($B17="",H$9=""),"",IFERROR(AVERAGEIFS(Grades!$I$5:$I$304,Grades!$A$5:$A$304,$B17,Grades!$E$5:$E$304,H$9,Grades!$F$5:$F$304,$C$6),"")) | I17: =IF(OR($B17="",I$9=""),"",IFERROR(AVERAGEIFS(Grades!$I$5:$I$304,Grades!$A$5:$A$304,$B17,Grades!$E$5:$E$304,I$9,Grades!$F$5:$F$304,$C$6),"")) | J17: =IF(OR($B17="",J$9=""),"",IFERROR(AVERAGEIFS(Grades!$I$5:$I$304,Grades!$A$5:$A$304,$B17,Grades!$E$5:$E$304,J$9,Grades!$F$5:$F$304,$C$6),"")) | K17: =IF(OR($B17="",K$9=""),"",IFERROR(AVERAGEIFS(Grades!$I$5:$I$304,Grades!$A$5:$A$304,$B17,Grades!$E$5:$E$304,K$9,Grades!$F$5:$F$304,$C$6),"")) | ... O17: =IF(OR($B17="",O$9=""),"",IFERROR(AVERAGEIFS(Grades!$I$5:$I$304,Grades!$A$5:$A$304,$B17,Grades!$E$5:$E$304,O$9,Grades!$F$5:$F$304,$C$6),"")) | P17: =IF(COUNT(D17:O17)=0,"",SUM(D17:O17)) | Q17: =IF(COUNT(D17:O17)=0,"",AVERAGE(D17:O17)) | R17: =IF(Q17="","",IF(Q17>=Settings!$E$11,Settings!$F$11,IF(Q17>=Settings!$E$12,Settings!$F$12,IF(Q17>=Settings!$E$13,Settings!$F$13,IF(Q17>=Settings!$E$14,Settings!$F$14,Settings!$F$15))))) | S17: =IF(Q17="","",RANK(Q17,$Q$10:$Q$49))
A18: =IF($B18="","",9) | B18: =IFERROR(INDEX(Students!$A$5:$A$304,MATCH($C$4&"|"&$C$5&"|"&9,Students!$O$5:$O$304,0)),"") | C18: =IF($B18="","",INDEX(Students!$B$5:$B$304,MATCH($B18,Students!$A$5:$A$304,0))) | D18: =IF(OR($B18="",D$9=""),"",IFERROR(AVERAGEIFS(Grades!$I$5:$I$304,Grades!$A$5:$A$304,$B18,Grades!$E$5:$E$304,D$9,Grades!$F$5:$F$304,$C$6),"")) | E18: =IF(OR($B18="",E$9=""),"",IFERROR(AVERAGEIFS(Grades!$I$5:$I$304,Grades!$A$5:$A$304,$B18,Grades!$E$5:$E$304,E$9,Grades!$F$5:$F$304,$C$6),"")) | F18: =IF(OR($B18="",F$9=""),"",IFERROR(AVERAGEIFS(Grades!$I$5:$I$304,Grades!$A$5:$A$304,$B18,Grades!$E$5:$E$304,F$9,Grades!$F$5:$F$304,$C$6),"")) | G18: =IF(OR($B18="",G$9=""),"",IFERROR(AVERAGEIFS(Grades!$I$5:$I$304,Grades!$A$5:$A$304,$B18,Grades!$E$5:$E$304,G$9,Grades!$F$5:$F$304,$C$6),"")) | H18: =IF(OR($B18="",H$9=""),"",IFERROR(AVERAGEIFS(Grades!$I$5:$I$304,Grades!$A$5:$A$304,$B18,Grades!$E$5:$E$304,H$9,Grades!$F$5:$F$304,$C$6),"")) | I18: =IF(OR($B18="",I$9=""),"",IFERROR(AVERAGEIFS(Grades!$I$5:$I$304,Grades!$A$5:$A$304,$B18,Grades!$E$5:$E$304,I$9,Grades!$F$5:$F$304,$C$6),"")) | J18: =IF(OR($B18="",J$9=""),"",IFERROR(AVERAGEIFS(Grades!$I$5:$I$304,Grades!$A$5:$A$304,$B18,Grades!$E$5:$E$304,J$9,Grades!$F$5:$F$304,$C$6),"")) | K18: =IF(OR($B18="",K$9=""),"",IFERROR(AVERAGEIFS(Grades!$I$5:$I$304,Grades!$A$5:$A$304,$B18,Grades!$E$5:$E$304,K$9,Grades!$F$5:$F$304,$C$6),"")) | ... O18: =IF(OR($B18="",O$9=""),"",IFERROR(AVERAGEIFS(Grades!$I$5:$I$304,Grades!$A$5:$A$304,$B18,Grades!$E$5:$E$304,O$9,Grades!$F$5:$F$304,$C$6),"")) | P18: =IF(COUNT(D18:O18)=0,"",SUM(D18:O18)) | Q18: =IF(COUNT(D18:O18)=0,"",AVERAGE(D18:O18)) | R18: =IF(Q18="","",IF(Q18>=Settings!$E$11,Settings!$F$11,IF(Q18>=Settings!$E$12,Settings!$F$12,IF(Q18>=Settings!$E$13,Settings!$F$13,IF(Q18>=Settings!$E$14,Settings!$F$14,Settings!$F$15))))) | S18: =IF(Q18="","",RANK(Q18,$Q$10:$Q$49))
A19: =IF($B19="","",10) | B19: =IFERROR(INDEX(Students!$A$5:$A$304,MATCH($C$4&"|"&$C$5&"|"&10,Students!$O$5:$O$304,0)),"") | C19: =IF($B19="","",INDEX(Students!$B$5:$B$304,MATCH($B19,Students!$A$5:$A$304,0))) | D19: =IF(OR($B19="",D$9=""),"",IFERROR(AVERAGEIFS(Grades!$I$5:$I$304,Grades!$A$5:$A$304,$B19,Grades!$E$5:$E$304,D$9,Grades!$F$5:$F$304,$C$6),"")) | E19: =IF(OR($B19="",E$9=""),"",IFERROR(AVERAGEIFS(Grades!$I$5:$I$304,Grades!$A$5:$A$304,$B19,Grades!$E$5:$E$304,E$9,Grades!$F$5:$F$304,$C$6),"")) | F19: =IF(OR($B19="",F$9=""),"",IFERROR(AVERAGEIFS(Grades!$I$5:$I$304,Grades!$A$5:$A$304,$B19,Grades!$E$5:$E$304,F$9,Grades!$F$5:$F$304,$C$6),"")) | G19: =IF(OR($B19="",G$9=""),"",IFERROR(AVERAGEIFS(Grades!$I$5:$I$304,Grades!$A$5:$A$304,$B19,Grades!$E$5:$E$304,G$9,Grades!$F$5:$F$304,$C$6),"")) | H19: =IF(OR($B19="",H$9=""),"",IFERROR(AVERAGEIFS(Grades!$I$5:$I$304,Grades!$A$5:$A$304,$B19,Grades!$E$5:$E$304,H$9,Grades!$F$5:$F$304,$C$6),"")) | I19: =IF(OR($B19="",I$9=""),"",IFERROR(AVERAGEIFS(Grades!$I$5:$I$304,Grades!$A$5:$A$304,$B19,Grades!$E$5:$E$304,I$9,Grades!$F$5:$F$304,$C$6),"")) | J19: =IF(OR($B19="",J$9=""),"",IFERROR(AVERAGEIFS(Grades!$I$5:$I$304,Grades!$A$5:$A$304,$B19,Grades!$E$5:$E$304,J$9,Grades!$F$5:$F$304,$C$6),"")) | K19: =IF(OR($B19="",K$9=""),"",IFERROR(AVERAGEIFS(Grades!$I$5:$I$304,Grades!$A$5:$A$304,$B19,Grades!$E$5:$E$304,K$9,Grades!$F$5:$F$304,$C$6),"")) | ... O19: =IF(OR($B19="",O$9=""),"",IFERROR(AVERAGEIFS(Grades!$I$5:$I$304,Grades!$A$5:$A$304,$B19,Grades!$E$5:$E$304,O$9,Grades!$F$5:$F$304,$C$6),"")) | P19: =IF(COUNT(D19:O19)=0,"",SUM(D19:O19)) | Q19: =IF(COUNT(D19:O19)=0,"",AVERAGE(D19:O19)) | R19: =IF(Q19="","",IF(Q19>=Settings!$E$11,Settings!$F$11,IF(Q19>=Settings!$E$12,Settings!$F$12,IF(Q19>=Settings!$E$13,Settings!$F$13,IF(Q19>=Settings!$E$14,Settings!$F$14,Settings!$F$15))))) | S19: =IF(Q19="","",RANK(Q19,$Q$10:$Q$49))
A20: =IF($B20="","",11) | B20: =IFERROR(INDEX(Students!$A$5:$A$304,MATCH($C$4&"|"&$C$5&"|"&11,Students!$O$5:$O$304,0)),"") | C20: =IF($B20="","",INDEX(Students!$B$5:$B$304,MATCH($B20,Students!$A$5:$A$304,0))) | D20: =IF(OR($B20="",D$9=""),"",IFERROR(AVERAGEIFS(Grades!$I$5:$I$304,Grades!$A$5:$A$304,$B20,Grades!$E$5:$E$304,D$9,Grades!$F$5:$F$304,$C$6),"")) | E20: =IF(OR($B20="",E$9=""),"",IFERROR(AVERAGEIFS(Grades!$I$5:$I$304,Grades!$A$5:$A$304,$B20,Grades!$E$5:$E$304,E$9,Grades!$F$5:$F$304,$C$6),"")) | F20: =IF(OR($B20="",F$9=""),"",IFERROR(AVERAGEIFS(Grades!$I$5:$I$304,Grades!$A$5:$A$304,$B20,Grades!$E$5:$E$304,F$9,Grades!$F$5:$F$304,$C$6),"")) | G20: =IF(OR($B20="",G$9=""),"",IFERROR(AVERAGEIFS(Grades!$I$5:$I$304,Grades!$A$5:$A$304,$B20,Grades!$E$5:$E$304,G$9,Grades!$F$5:$F$304,$C$6),"")) | H20: =IF(OR($B20="",H$9=""),"",IFERROR(AVERAGEIFS(Grades!$I$5:$I$304,Grades!$A$5:$A$304,$B20,Grades!$E$5:$E$304,H$9,Grades!$F$5:$F$304,$C$6),"")) | I20: =IF(OR($B20="",I$9=""),"",IFERROR(AVERAGEIFS(Grades!$I$5:$I$304,Grades!$A$5:$A$304,$B20,Grades!$E$5:$E$304,I$9,Grades!$F$5:$F$304,$C$6),"")) | J20: =IF(OR($B20="",J$9=""),"",IFERROR(AVERAGEIFS(Grades!$I$5:$I$304,Grades!$A$5:$A$304,$B20,Grades!$E$5:$E$304,J$9,Grades!$F$5:$F$304,$C$6),"")) | K20: =IF(OR($B20="",K$9=""),"",IFERROR(AVERAGEIFS(Grades!$I$5:$I$304,Grades!$A$5:$A$304,$B20,Grades!$E$5:$E$304,K$9,Grades!$F$5:$F$304,$C$6),"")) | ... O20: =IF(OR($B20="",O$9=""),"",IFERROR(AVERAGEIFS(Grades!$I$5:$I$304,Grades!$A$5:$A$304,$B20,Grades!$E$5:$E$304,O$9,Grades!$F$5:$F$304,$C$6),"")) | P20: =IF(COUNT(D20:O20)=0,"",SUM(D20:O20)) | Q20: =IF(COUNT(D20:O20)=0,"",AVERAGE(D20:O20)) | R20: =IF(Q20="","",IF(Q20>=Settings!$E$11,Settings!$F$11,IF(Q20>=Settings!$E$12,Settings!$F$12,IF(Q20>=Settings!$E$13,Settings!$F$13,IF(Q20>=Settings!$E$14,Settings!$F$14,Settings!$F$15))))) | S20: =IF(Q20="","",RANK(Q20,$Q$10:$Q$49))
A21: =IF($B21="","",12) | B21: =IFERROR(INDEX(Students!$A$5:$A$304,MATCH($C$4&"|"&$C$5&"|"&12,Students!$O$5:$O$304,0)),"") | C21: =IF($B21="","",INDEX(Students!$B$5:$B$304,MATCH($B21,Students!$A$5:$A$304,0))) | D21: =IF(OR($B21="",D$9=""),"",IFERROR(AVERAGEIFS(Grades!$I$5:$I$304,Grades!$A$5:$A$304,$B21,Grades!$E$5:$E$304,D$9,Grades!$F$5:$F$304,$C$6),"")) | E21: =IF(OR($B21="",E$9=""),"",IFERROR(AVERAGEIFS(Grades!$I$5:$I$304,Grades!$A$5:$A$304,$B21,Grades!$E$5:$E$304,E$9,Grades!$F$5:$F$304,$C$6),"")) | F21: =IF(OR($B21="",F$9=""),"",IFERROR(AVERAGEIFS(Grades!$I$5:$I$304,Grades!$A$5:$A$304,$B21,Grades!$E$5:$E$304,F$9,Grades!$F$5:$F$304,$C$6),"")) | G21: =IF(OR($B21="",G$9=""),"",IFERROR(AVERAGEIFS(Grades!$I$5:$I$304,Grades!$A$5:$A$304,$B21,Grades!$E$5:$E$304,G$9,Grades!$F$5:$F$304,$C$6),"")) | H21: =IF(OR($B21="",H$9=""),"",IFERROR(AVERAGEIFS(Grades!$I$5:$I$304,Grades!$A$5:$A$304,$B21,Grades!$E$5:$E$304,H$9,Grades!$F$5:$F$304,$C$6),"")) | I21: =IF(OR($B21="",I$9=""),"",IFERROR(AVERAGEIFS(Grades!$I$5:$I$304,Grades!$A$5:$A$304,$B21,Grades!$E$5:$E$304,I$9,Grades!$F$5:$F$304,$C$6),"")) | J21: =IF(OR($B21="",J$9=""),"",IFERROR(AVERAGEIFS(Grades!$I$5:$I$304,Grades!$A$5:$A$304,$B21,Grades!$E$5:$E$304,J$9,Grades!$F$5:$F$304,$C$6),"")) | K21: =IF(OR($B21="",K$9=""),"",IFERROR(AVERAGEIFS(Grades!$I$5:$I$304,Grades!$A$5:$A$304,$B21,Grades!$E$5:$E$304,K$9,Grades!$F$5:$F$304,$C$6),"")) | ... O21: =IF(OR($B21="",O$9=""),"",IFERROR(AVERAGEIFS(Grades!$I$5:$I$304,Grades!$A$5:$A$304,$B21,Grades!$E$5:$E$304,O$9,Grades!$F$5:$F$304,$C$6),"")) | P21: =IF(COUNT(D21:O21)=0,"",SUM(D21:O21)) | Q21: =IF(COUNT(D21:O21)=0,"",AVERAGE(D21:O21)) | R21: =IF(Q21="","",IF(Q21>=Settings!$E$11,Settings!$F$11,IF(Q21>=Settings!$E$12,Settings!$F$12,IF(Q21>=Settings!$E$13,Settings!$F$13,IF(Q21>=Settings!$E$14,Settings!$F$14,Settings!$F$15))))) | S21: =IF(Q21="","",RANK(Q21,$Q$10:$Q$49))
A22: =IF($B22="","",13) | B22: =IFERROR(INDEX(Students!$A$5:$A$304,MATCH($C$4&"|"&$C$5&"|"&13,Students!$O$5:$O$304,0)),"") | C22: =IF($B22="","",INDEX(Students!$B$5:$B$304,MATCH($B22,Students!$A$5:$A$304,0))) | D22: =IF(OR($B22="",D$9=""),"",IFERROR(AVERAGEIFS(Grades!$I$5:$I$304,Grades!$A$5:$A$304,$B22,Grades!$E$5:$E$304,D$9,Grades!$F$5:$F$304,$C$6),"")) | E22: =IF(OR($B22="",E$9=""),"",IFERROR(AVERAGEIFS(Grades!$I$5:$I$304,Grades!$A$5:$A$304,$B22,Grades!$E$5:$E$304,E$9,Grades!$F$5:$F$304,$C$6),"")) | F22: =IF(OR($B22="",F$9=""),"",IFERROR(AVERAGEIFS(Grades!$I$5:$I$304,Grades!$A$5:$A$304,$B22,Grades!$E$5:$E$304,F$9,Grades!$F$5:$F$304,$C$6),"")) | G22: =IF(OR($B22="",G$9=""),"",IFERROR(AVERAGEIFS(Grades!$I$5:$I$304,Grades!$A$5:$A$304,$B22,Grades!$E$5:$E$304,G$9,Grades!$F$5:$F$304,$C$6),"")) | H22: =IF(OR($B22="",H$9=""),"",IFERROR(AVERAGEIFS(Grades!$I$5:$I$304,Grades!$A$5:$A$304,$B22,Grades!$E$5:$E$304,H$9,Grades!$F$5:$F$304,$C$6),"")) | I22: =IF(OR($B22="",I$9=""),"",IFERROR(AVERAGEIFS(Grades!$I$5:$I$304,Grades!$A$5:$A$304,$B22,Grades!$E$5:$E$304,I$9,Grades!$F$5:$F$304,$C$6),"")) | J22: =IF(OR($B22="",J$9=""),"",IFERROR(AVERAGEIFS(Grades!$I$5:$I$304,Grades!$A$5:$A$304,$B22,Grades!$E$5:$E$304,J$9,Grades!$F$5:$F$304,$C$6),"")) | K22: =IF(OR($B22="",K$9=""),"",IFERROR(AVERAGEIFS(Grades!$I$5:$I$304,Grades!$A$5:$A$304,$B22,Grades!$E$5:$E$304,K$9,Grades!$F$5:$F$304,$C$6),"")) | ... O22: =IF(OR($B22="",O$9=""),"",IFERROR(AVERAGEIFS(Grades!$I$5:$I$304,Grades!$A$5:$A$304,$B22,Grades!$E$5:$E$304,O$9,Grades!$F$5:$F$304,$C$6),"")) | P22: =IF(COUNT(D22:O22)=0,"",SUM(D22:O22)) | Q22: =IF(COUNT(D22:O22)=0,"",AVERAGE(D22:O22)) | R22: =IF(Q22="","",IF(Q22>=Settings!$E$11,Settings!$F$11,IF(Q22>=Settings!$E$12,Settings!$F$12,IF(Q22>=Settings!$E$13,Settings!$F$13,IF(Q22>=Settings!$E$14,Settings!$F$14,Settings!$F$15))))) | S22: =IF(Q22="","",RANK(Q22,$Q$10:$Q$49))
A23: =IF($B23="","",14) | B23: =IFERROR(INDEX(Students!$A$5:$A$304,MATCH($C$4&"|"&$C$5&"|"&14,Students!$O$5:$O$304,0)),"") | C23: =IF($B23="","",INDEX(Students!$B$5:$B$304,MATCH($B23,Students!$A$5:$A$304,0))) | D23: =IF(OR($B23="",D$9=""),"",IFERROR(AVERAGEIFS(Grades!$I$5:$I$304,Grades!$A$5:$A$304,$B23,Grades!$E$5:$E$304,D$9,Grades!$F$5:$F$304,$C$6),"")) | E23: =IF(OR($B23="",E$9=""),"",IFERROR(AVERAGEIFS(Grades!$I$5:$I$304,Grades!$A$5:$A$304,$B23,Grades!$E$5:$E$304,E$9,Grades!$F$5:$F$304,$C$6),"")) | F23: =IF(OR($B23="",F$9=""),"",IFERROR(AVERAGEIFS(Grades!$I$5:$I$304,Grades!$A$5:$A$304,$B23,Grades!$E$5:$E$304,F$9,Grades!$F$5:$F$304,$C$6),"")) | G23: =IF(OR($B23="",G$9=""),"",IFERROR(AVERAGEIFS(Grades!$I$5:$I$304,Grades!$A$5:$A$304,$B23,Grades!$E$5:$E$304,G$9,Grades!$F$5:$F$304,$C$6),"")) | H23: =IF(OR($B23="",H$9=""),"",IFERROR(AVERAGEIFS(Grades!$I$5:$I$304,Grades!$A$5:$A$304,$B23,Grades!$E$5:$E$304,H$9,Grades!$F$5:$F$304,$C$6),"")) | I23: =IF(OR($B23="",I$9=""),"",IFERROR(AVERAGEIFS(Grades!$I$5:$I$304,Grades!$A$5:$A$304,$B23,Grades!$E$5:$E$304,I$9,Grades!$F$5:$F$304,$C$6),"")) | J23: =IF(OR($B23="",J$9=""),"",IFERROR(AVERAGEIFS(Grades!$I$5:$I$304,Grades!$A$5:$A$304,$B23,Grades!$E$5:$E$304,J$9,Grades!$F$5:$F$304,$C$6),"")) | K23: =IF(OR($B23="",K$9=""),"",IFERROR(AVERAGEIFS(Grades!$I$5:$I$304,Grades!$A$5:$A$304,$B23,Grades!$E$5:$E$304,K$9,Grades!$F$5:$F$304,$C$6),"")) | ... O23: =IF(OR($B23="",O$9=""),"",IFERROR(AVERAGEIFS(Grades!$I$5:$I$304,Grades!$A$5:$A$304,$B23,Grades!$E$5:$E$304,O$9,Grades!$F$5:$F$304,$C$6),"")) | P23: =IF(COUNT(D23:O23)=0,"",SUM(D23:O23)) | Q23: =IF(COUNT(D23:O23)=0,"",AVERAGE(D23:O23)) | R23: =IF(Q23="","",IF(Q23>=Settings!$E$11,Settings!$F$11,IF(Q23>=Settings!$E$12,Settings!$F$12,IF(Q23>=Settings!$E$13,Settings!$F$13,IF(Q23>=Settings!$E$14,Settings!$F$14,Settings!$F$15))))) | S23: =IF(Q23="","",RANK(Q23,$Q$10:$Q$49))
A24: =IF($B24="","",15) | B24: =IFERROR(INDEX(Students!$A$5:$A$304,MATCH($C$4&"|"&$C$5&"|"&15,Students!$O$5:$O$304,0)),"") | C24: =IF($B24="","",INDEX(Students!$B$5:$B$304,MATCH($B24,Students!$A$5:$A$304,0))) | D24: =IF(OR($B24="",D$9=""),"",IFERROR(AVERAGEIFS(Grades!$I$5:$I$304,Grades!$A$5:$A$304,$B24,Grades!$E$5:$E$304,D$9,Grades!$F$5:$F$304,$C$6),"")) | E24: =IF(OR($B24="",E$9=""),"",IFERROR(AVERAGEIFS(Grades!$I$5:$I$304,Grades!$A$5:$A$304,$B24,Grades!$E$5:$E$304,E$9,Grades!$F$5:$F$304,$C$6),"")) | F24: =IF(OR($B24="",F$9=""),"",IFERROR(AVERAGEIFS(Grades!$I$5:$I$304,Grades!$A$5:$A$304,$B24,Grades!$E$5:$E$304,F$9,Grades!$F$5:$F$304,$C$6),"")) | G24: =IF(OR($B24="",G$9=""),"",IFERROR(AVERAGEIFS(Grades!$I$5:$I$304,Grades!$A$5:$A$304,$B24,Grades!$E$5:$E$304,G$9,Grades!$F$5:$F$304,$C$6),"")) | H24: =IF(OR($B24="",H$9=""),"",IFERROR(AVERAGEIFS(Grades!$I$5:$I$304,Grades!$A$5:$A$304,$B24,Grades!$E$5:$E$304,H$9,Grades!$F$5:$F$304,$C$6),"")) | I24: =IF(OR($B24="",I$9=""),"",IFERROR(AVERAGEIFS(Grades!$I$5:$I$304,Grades!$A$5:$A$304,$B24,Grades!$E$5:$E$304,I$9,Grades!$F$5:$F$304,$C$6),"")) | J24: =IF(OR($B24="",J$9=""),"",IFERROR(AVERAGEIFS(Grades!$I$5:$I$304,Grades!$A$5:$A$304,$B24,Grades!$E$5:$E$304,J$9,Grades!$F$5:$F$304,$C$6),"")) | K24: =IF(OR($B24="",K$9=""),"",IFERROR(AVERAGEIFS(Grades!$I$5:$I$304,Grades!$A$5:$A$304,$B24,Grades!$E$5:$E$304,K$9,Grades!$F$5:$F$304,$C$6),"")) | ... O24: =IF(OR($B24="",O$9=""),"",IFERROR(AVERAGEIFS(Grades!$I$5:$I$304,Grades!$A$5:$A$304,$B24,Grades!$E$5:$E$304,O$9,Grades!$F$5:$F$304,$C$6),"")) | P24: =IF(COUNT(D24:O24)=0,"",SUM(D24:O24)) | Q24: =IF(COUNT(D24:O24)=0,"",AVERAGE(D24:O24)) | R24: =IF(Q24="","",IF(Q24>=Settings!$E$11,Settings!$F$11,IF(Q24>=Settings!$E$12,Settings!$F$12,IF(Q24>=Settings!$E$13,Settings!$F$13,IF(Q24>=Settings!$E$14,Settings!$F$14,Settings!$F$15))))) | S24: =IF(Q24="","",RANK(Q24,$Q$10:$Q$49))
A25: =IF($B25="","",16) | B25: =IFERROR(INDEX(Students!$A$5:$A$304,MATCH($C$4&"|"&$C$5&"|"&16,Students!$O$5:$O$304,0)),"") | C25: =IF($B25="","",INDEX(Students!$B$5:$B$304,MATCH($B25,Students!$A$5:$A$304,0))) | D25: =IF(OR($B25="",D$9=""),"",IFERROR(AVERAGEIFS(Grades!$I$5:$I$304,Grades!$A$5:$A$304,$B25,Grades!$E$5:$E$304,D$9,Grades!$F$5:$F$304,$C$6),"")) | E25: =IF(OR($B25="",E$9=""),"",IFERROR(AVERAGEIFS(Grades!$I$5:$I$304,Grades!$A$5:$A$304,$B25,Grades!$E$5:$E$304,E$9,Grades!$F$5:$F$304,$C$6),"")) | F25: =IF(OR($B25="",F$9=""),"",IFERROR(AVERAGEIFS(Grades!$I$5:$I$304,Grades!$A$5:$A$304,$B25,Grades!$E$5:$E$304,F$9,Grades!$F$5:$F$304,$C$6),"")) | G25: =IF(OR($B25="",G$9=""),"",IFERROR(AVERAGEIFS(Grades!$I$5:$I$304,Grades!$A$5:$A$304,$B25,Grades!$E$5:$E$304,G$9,Grades!$F$5:$F$304,$C$6),"")) | H25: =IF(OR($B25="",H$9=""),"",IFERROR(AVERAGEIFS(Grades!$I$5:$I$304,Grades!$A$5:$A$304,$B25,Grades!$E$5:$E$304,H$9,Grades!$F$5:$F$304,$C$6),"")) | I25: =IF(OR($B25="",I$9=""),"",IFERROR(AVERAGEIFS(Grades!$I$5:$I$304,Grades!$A$5:$A$304,$B25,Grades!$E$5:$E$304,I$9,Grades!$F$5:$F$304,$C$6),"")) | J25: =IF(OR($B25="",J$9=""),"",IFERROR(AVERAGEIFS(Grades!$I$5:$I$304,Grades!$A$5:$A$304,$B25,Grades!$E$5:$E$304,J$9,Grades!$F$5:$F$304,$C$6),"")) | K25: =IF(OR($B25="",K$9=""),"",IFERROR(AVERAGEIFS(Grades!$I$5:$I$304,Grades!$A$5:$A$304,$B25,Grades!$E$5:$E$304,K$9,Grades!$F$5:$F$304,$C$6),"")) | ... O25: =IF(OR($B25="",O$9=""),"",IFERROR(AVERAGEIFS(Grades!$I$5:$I$304,Grades!$A$5:$A$304,$B25,Grades!$E$5:$E$304,O$9,Grades!$F$5:$F$304,$C$6),"")) | P25: =IF(COUNT(D25:O25)=0,"",SUM(D25:O25)) | Q25: =IF(COUNT(D25:O25)=0,"",AVERAGE(D25:O25)) | R25: =IF(Q25="","",IF(Q25>=Settings!$E$11,Settings!$F$11,IF(Q25>=Settings!$E$12,Settings!$F$12,IF(Q25>=Settings!$E$13,Settings!$F$13,IF(Q25>=Settings!$E$14,Settings!$F$14,Settings!$F$15))))) | S25: =IF(Q25="","",RANK(Q25,$Q$10:$Q$49))
A26: =IF($B26="","",17) | B26: =IFERROR(INDEX(Students!$A$5:$A$304,MATCH($C$4&"|"&$C$5&"|"&17,Students!$O$5:$O$304,0)),"") | C26: =IF($B26="","",INDEX(Students!$B$5:$B$304,MATCH($B26,Students!$A$5:$A$304,0))) | D26: =IF(OR($B26="",D$9=""),"",IFERROR(AVERAGEIFS(Grades!$I$5:$I$304,Grades!$A$5:$A$304,$B26,Grades!$E$5:$E$304,D$9,Grades!$F$5:$F$304,$C$6),"")) | E26: =IF(OR($B26="",E$9=""),"",IFERROR(AVERAGEIFS(Grades!$I$5:$I$304,Grades!$A$5:$A$304,$B26,Grades!$E$5:$E$304,E$9,Grades!$F$5:$F$304,$C$6),"")) | F26: =IF(OR($B26="",F$9=""),"",IFERROR(AVERAGEIFS(Grades!$I$5:$I$304,Grades!$A$5:$A$304,$B26,Grades!$E$5:$E$304,F$9,Grades!$F$5:$F$304,$C$6),"")) | G26: =IF(OR($B26="",G$9=""),"",IFERROR(AVERAGEIFS(Grades!$I$5:$I$304,Grades!$A$5:$A$304,$B26,Grades!$E$5:$E$304,G$9,Grades!$F$5:$F$304,$C$6),"")) | H26: =IF(OR($B26="",H$9=""),"",IFERROR(AVERAGEIFS(Grades!$I$5:$I$304,Grades!$A$5:$A$304,$B26,Grades!$E$5:$E$304,H$9,Grades!$F$5:$F$304,$C$6),"")) | I26: =IF(OR($B26="",I$9=""),"",IFERROR(AVERAGEIFS(Grades!$I$5:$I$304,Grades!$A$5:$A$304,$B26,Grades!$E$5:$E$304,I$9,Grades!$F$5:$F$304,$C$6),"")) | J26: =IF(OR($B26="",J$9=""),"",IFERROR(AVERAGEIFS(Grades!$I$5:$I$304,Grades!$A$5:$A$304,$B26,Grades!$E$5:$E$304,J$9,Grades!$F$5:$F$304,$C$6),"")) | K26: =IF(OR($B26="",K$9=""),"",IFERROR(AVERAGEIFS(Grades!$I$5:$I$304,Grades!$A$5:$A$304,$B26,Grades!$E$5:$E$304,K$9,Grades!$F$5:$F$304,$C$6),"")) | ... O26: =IF(OR($B26="",O$9=""),"",IFERROR(AVERAGEIFS(Grades!$I$5:$I$304,Grades!$A$5:$A$304,$B26,Grades!$E$5:$E$304,O$9,Grades!$F$5:$F$304,$C$6),"")) | P26: =IF(COUNT(D26:O26)=0,"",SUM(D26:O26)) | Q26: =IF(COUNT(D26:O26)=0,"",AVERAGE(D26:O26)) | R26: =IF(Q26="","",IF(Q26>=Settings!$E$11,Settings!$F$11,IF(Q26>=Settings!$E$12,Settings!$F$12,IF(Q26>=Settings!$E$13,Settings!$F$13,IF(Q26>=Settings!$E$14,Settings!$F$14,Settings!$F$15))))) | S26: =IF(Q26="","",RANK(Q26,$Q$10:$Q$49))
A27: =IF($B27="","",18) | B27: =IFERROR(INDEX(Students!$A$5:$A$304,MATCH($C$4&"|"&$C$5&"|"&18,Students!$O$5:$O$304,0)),"") | C27: =IF($B27="","",INDEX(Students!$B$5:$B$304,MATCH($B27,Students!$A$5:$A$304,0))) | D27: =IF(OR($B27="",D$9=""),"",IFERROR(AVERAGEIFS(Grades!$I$5:$I$304,Grades!$A$5:$A$304,$B27,Grades!$E$5:$E$304,D$9,Grades!$F$5:$F$304,$C$6),"")) | E27: =IF(OR($B27="",E$9=""),"",IFERROR(AVERAGEIFS(Grades!$I$5:$I$304,Grades!$A$5:$A$304,$B27,Grades!$E$5:$E$304,E$9,Grades!$F$5:$F$304,$C$6),"")) | F27: =IF(OR($B27="",F$9=""),"",IFERROR(AVERAGEIFS(Grades!$I$5:$I$304,Grades!$A$5:$A$304,$B27,Grades!$E$5:$E$304,F$9,Grades!$F$5:$F$304,$C$6),"")) | G27: =IF(OR($B27="",G$9=""),"",IFERROR(AVERAGEIFS(Grades!$I$5:$I$304,Grades!$A$5:$A$304,$B27,Grades!$E$5:$E$304,G$9,Grades!$F$5:$F$304,$C$6),"")) | H27: =IF(OR($B27="",H$9=""),"",IFERROR(AVERAGEIFS(Grades!$I$5:$I$304,Grades!$A$5:$A$304,$B27,Grades!$E$5:$E$304,H$9,Grades!$F$5:$F$304,$C$6),"")) | I27: =IF(OR($B27="",I$9=""),"",IFERROR(AVERAGEIFS(Grades!$I$5:$I$304,Grades!$A$5:$A$304,$B27,Grades!$E$5:$E$304,I$9,Grades!$F$5:$F$304,$C$6),"")) | J27: =IF(OR($B27="",J$9=""),"",IFERROR(AVERAGEIFS(Grades!$I$5:$I$304,Grades!$A$5:$A$304,$B27,Grades!$E$5:$E$304,J$9,Grades!$F$5:$F$304,$C$6),"")) | K27: =IF(OR($B27="",K$9=""),"",IFERROR(AVERAGEIFS(Grades!$I$5:$I$304,Grades!$A$5:$A$304,$B27,Grades!$E$5:$E$304,K$9,Grades!$F$5:$F$304,$C$6),"")) | ... O27: =IF(OR($B27="",O$9=""),"",IFERROR(AVERAGEIFS(Grades!$I$5:$I$304,Grades!$A$5:$A$304,$B27,Grades!$E$5:$E$304,O$9,Grades!$F$5:$F$304,$C$6),"")) | P27: =IF(COUNT(D27:O27)=0,"",SUM(D27:O27)) | Q27: =IF(COUNT(D27:O27)=0,"",AVERAGE(D27:O27)) | R27: =IF(Q27="","",IF(Q27>=Settings!$E$11,Settings!$F$11,IF(Q27>=Settings!$E$12,Settings!$F$12,IF(Q27>=Settings!$E$13,Settings!$F$13,IF(Q27>=Settings!$E$14,Settings!$F$14,Settings!$F$15))))) | S27: =IF(Q27="","",RANK(Q27,$Q$10:$Q$49))
A28: =IF($B28="","",19) | B28: =IFERROR(INDEX(Students!$A$5:$A$304,MATCH($C$4&"|"&$C$5&"|"&19,Students!$O$5:$O$304,0)),"") | C28: =IF($B28="","",INDEX(Students!$B$5:$B$304,MATCH($B28,Students!$A$5:$A$304,0))) | D28: =IF(OR($B28="",D$9=""),"",IFERROR(AVERAGEIFS(Grades!$I$5:$I$304,Grades!$A$5:$A$304,$B28,Grades!$E$5:$E$304,D$9,Grades!$F$5:$F$304,$C$6),"")) | E28: =IF(OR($B28="",E$9=""),"",IFERROR(AVERAGEIFS(Grades!$I$5:$I$304,Grades!$A$5:$A$304,$B28,Grades!$E$5:$E$304,E$9,Grades!$F$5:$F$304,$C$6),"")) | F28: =IF(OR($B28="",F$9=""),"",IFERROR(AVERAGEIFS(Grades!$I$5:$I$304,Grades!$A$5:$A$304,$B28,Grades!$E$5:$E$304,F$9,Grades!$F$5:$F$304,$C$6),"")) | G28: =IF(OR($B28="",G$9=""),"",IFERROR(AVERAGEIFS(Grades!$I$5:$I$304,Grades!$A$5:$A$304,$B28,Grades!$E$5:$E$304,G$9,Grades!$F$5:$F$304,$C$6),"")) | H28: =IF(OR($B28="",H$9=""),"",IFERROR(AVERAGEIFS(Grades!$I$5:$I$304,Grades!$A$5:$A$304,$B28,Grades!$E$5:$E$304,H$9,Grades!$F$5:$F$304,$C$6),"")) | I28: =IF(OR($B28="",I$9=""),"",IFERROR(AVERAGEIFS(Grades!$I$5:$I$304,Grades!$A$5:$A$304,$B28,Grades!$E$5:$E$304,I$9,Grades!$F$5:$F$304,$C$6),"")) | J28: =IF(OR($B28="",J$9=""),"",IFERROR(AVERAGEIFS(Grades!$I$5:$I$304,Grades!$A$5:$A$304,$B28,Grades!$E$5:$E$304,J$9,Grades!$F$5:$F$304,$C$6),"")) | K28: =IF(OR($B28="",K$9=""),"",IFERROR(AVERAGEIFS(Grades!$I$5:$I$304,Grades!$A$5:$A$304,$B28,Grades!$E$5:$E$304,K$9,Grades!$F$5:$F$304,$C$6),"")) | ... O28: =IF(OR($B28="",O$9=""),"",IFERROR(AVERAGEIFS(Grades!$I$5:$I$304,Grades!$A$5:$A$304,$B28,Grades!$E$5:$E$304,O$9,Grades!$F$5:$F$304,$C$6),"")) | P28: =IF(COUNT(D28:O28)=0,"",SUM(D28:O28)) | Q28: =IF(COUNT(D28:O28)=0,"",AVERAGE(D28:O28)) | R28: =IF(Q28="","",IF(Q28>=Settings!$E$11,Settings!$F$11,IF(Q28>=Settings!$E$12,Settings!$F$12,IF(Q28>=Settings!$E$13,Settings!$F$13,IF(Q28>=Settings!$E$14,Settings!$F$14,Settings!$F$15))))) | S28: =IF(Q28="","",RANK(Q28,$Q$10:$Q$49))
A29: =IF($B29="","",20) | B29: =IFERROR(INDEX(Students!$A$5:$A$304,MATCH($C$4&"|"&$C$5&"|"&20,Students!$O$5:$O$304,0)),"") | C29: =IF($B29="","",INDEX(Students!$B$5:$B$304,MATCH($B29,Students!$A$5:$A$304,0))) | D29: =IF(OR($B29="",D$9=""),"",IFERROR(AVERAGEIFS(Grades!$I$5:$I$304,Grades!$A$5:$A$304,$B29,Grades!$E$5:$E$304,D$9,Grades!$F$5:$F$304,$C$6),"")) | E29: =IF(OR($B29="",E$9=""),"",IFERROR(AVERAGEIFS(Grades!$I$5:$I$304,Grades!$A$5:$A$304,$B29,Grades!$E$5:$E$304,E$9,Grades!$F$5:$F$304,$C$6),"")) | F29: =IF(OR($B29="",F$9=""),"",IFERROR(AVERAGEIFS(Grades!$I$5:$I$304,Grades!$A$5:$A$304,$B29,Grades!$E$5:$E$304,F$9,Grades!$F$5:$F$304,$C$6),"")) | G29: =IF(OR($B29="",G$9=""),"",IFERROR(AVERAGEIFS(Grades!$I$5:$I$304,Grades!$A$5:$A$304,$B29,Grades!$E$5:$E$304,G$9,Grades!$F$5:$F$304,$C$6),"")) | H29: =IF(OR($B29="",H$9=""),"",IFERROR(AVERAGEIFS(Grades!$I$5:$I$304,Grades!$A$5:$A$304,$B29,Grades!$E$5:$E$304,H$9,Grades!$F$5:$F$304,$C$6),"")) | I29: =IF(OR($B29="",I$9=""),"",IFERROR(AVERAGEIFS(Grades!$I$5:$I$304,Grades!$A$5:$A$304,$B29,Grades!$E$5:$E$304,I$9,Grades!$F$5:$F$304,$C$6),"")) | J29: =IF(OR($B29="",J$9=""),"",IFERROR(AVERAGEIFS(Grades!$I$5:$I$304,Grades!$A$5:$A$304,$B29,Grades!$E$5:$E$304,J$9,Grades!$F$5:$F$304,$C$6),"")) | K29: =IF(OR($B29="",K$9=""),"",IFERROR(AVERAGEIFS(Grades!$I$5:$I$304,Grades!$A$5:$A$304,$B29,Grades!$E$5:$E$304,K$9,Grades!$F$5:$F$304,$C$6),"")) | ... O29: =IF(OR($B29="",O$9=""),"",IFERROR(AVERAGEIFS(Grades!$I$5:$I$304,Grades!$A$5:$A$304,$B29,Grades!$E$5:$E$304,O$9,Grades!$F$5:$F$304,$C$6),"")) | P29: =IF(COUNT(D29:O29)=0,"",SUM(D29:O29)) | Q29: =IF(COUNT(D29:O29)=0,"",AVERAGE(D29:O29)) | R29: =IF(Q29="","",IF(Q29>=Settings!$E$11,Settings!$F$11,IF(Q29>=Settings!$E$12,Settings!$F$12,IF(Q29>=Settings!$E$13,Settings!$F$13,IF(Q29>=Settings!$E$14,Settings!$F$14,Settings!$F$15))))) | S29: =IF(Q29="","",RANK(Q29,$Q$10:$Q$49))
A30: =IF($B30="","",21) | B30: =IFERROR(INDEX(Students!$A$5:$A$304,MATCH($C$4&"|"&$C$5&"|"&21,Students!$O$5:$O$304,0)),"") | C30: =IF($B30="","",INDEX(Students!$B$5:$B$304,MATCH($B30,Students!$A$5:$A$304,0))) | D30: =IF(OR($B30="",D$9=""),"",IFERROR(AVERAGEIFS(Grades!$I$5:$I$304,Grades!$A$5:$A$304,$B30,Grades!$E$5:$E$304,D$9,Grades!$F$5:$F$304,$C$6),"")) | E30: =IF(OR($B30="",E$9=""),"",IFERROR(AVERAGEIFS(Grades!$I$5:$I$304,Grades!$A$5:$A$304,$B30,Grades!$E$5:$E$304,E$9,Grades!$F$5:$F$304,$C$6),"")) | F30: =IF(OR($B30="",F$9=""),"",IFERROR(AVERAGEIFS(Grades!$I$5:$I$304,Grades!$A$5:$A$304,$B30,Grades!$E$5:$E$304,F$9,Grades!$F$5:$F$304,$C$6),"")) | G30: =IF(OR($B30="",G$9=""),"",IFERROR(AVERAGEIFS(Grades!$I$5:$I$304,Grades!$A$5:$A$304,$B30,Grades!$E$5:$E$304,G$9,Grades!$F$5:$F$304,$C$6),"")) | H30: =IF(OR($B30="",H$9=""),"",IFERROR(AVERAGEIFS(Grades!$I$5:$I$304,Grades!$A$5:$A$304,$B30,Grades!$E$5:$E$304,H$9,Grades!$F$5:$F$304,$C$6),"")) | I30: =IF(OR($B30="",I$9=""),"",IFERROR(AVERAGEIFS(Grades!$I$5:$I$304,Grades!$A$5:$A$304,$B30,Grades!$E$5:$E$304,I$9,Grades!$F$5:$F$304,$C$6),"")) | J30: =IF(OR($B30="",J$9=""),"",IFERROR(AVERAGEIFS(Grades!$I$5:$I$304,Grades!$A$5:$A$304,$B30,Grades!$E$5:$E$304,J$9,Grades!$F$5:$F$304,$C$6),"")) | K30: =IF(OR($B30="",K$9=""),"",IFERROR(AVERAGEIFS(Grades!$I$5:$I$304,Grades!$A$5:$A$304,$B30,Grades!$E$5:$E$304,K$9,Grades!$F$5:$F$304,$C$6),"")) | ... O30: =IF(OR($B30="",O$9=""),"",IFERROR(AVERAGEIFS(Grades!$I$5:$I$304,Grades!$A$5:$A$304,$B30,Grades!$E$5:$E$304,O$9,Grades!$F$5:$F$304,$C$6),"")) | P30: =IF(COUNT(D30:O30)=0,"",SUM(D30:O30)) | Q30: =IF(COUNT(D30:O30)=0,"",AVERAGE(D30:O30)) | R30: =IF(Q30="","",IF(Q30>=Settings!$E$11,Settings!$F$11,IF(Q30>=Settings!$E$12,Settings!$F$12,IF(Q30>=Settings!$E$13,Settings!$F$13,IF(Q30>=Settings!$E$14,Settings!$F$14,Settings!$F$15))))) | S30: =IF(Q30="","",RANK(Q30,$Q$10:$Q$49))
A31: =IF($B31="","",22) | B31: =IFERROR(INDEX(Students!$A$5:$A$304,MATCH($C$4&"|"&$C$5&"|"&22,Students!$O$5:$O$304,0)),"") | C31: =IF($B31="","",INDEX(Students!$B$5:$B$304,MATCH($B31,Students!$A$5:$A$304,0))) | D31: =IF(OR($B31="",D$9=""),"",IFERROR(AVERAGEIFS(Grades!$I$5:$I$304,Grades!$A$5:$A$304,$B31,Grades!$E$5:$E$304,D$9,Grades!$F$5:$F$304,$C$6),"")) | E31: =IF(OR($B31="",E$9=""),"",IFERROR(AVERAGEIFS(Grades!$I$5:$I$304,Grades!$A$5:$A$304,$B31,Grades!$E$5:$E$304,E$9,Grades!$F$5:$F$304,$C$6),"")) | F31: =IF(OR($B31="",F$9=""),"",IFERROR(AVERAGEIFS(Grades!$I$5:$I$304,Grades!$A$5:$A$304,$B31,Grades!$E$5:$E$304,F$9,Grades!$F$5:$F$304,$C$6),"")) | G31: =IF(OR($B31="",G$9=""),"",IFERROR(AVERAGEIFS(Grades!$I$5:$I$304,Grades!$A$5:$A$304,$B31,Grades!$E$5:$E$304,G$9,Grades!$F$5:$F$304,$C$6),"")) | H31: =IF(OR($B31="",H$9=""),"",IFERROR(AVERAGEIFS(Grades!$I$5:$I$304,Grades!$A$5:$A$304,$B31,Grades!$E$5:$E$304,H$9,Grades!$F$5:$F$304,$C$6),"")) | I31: =IF(OR($B31="",I$9=""),"",IFERROR(AVERAGEIFS(Grades!$I$5:$I$304,Grades!$A$5:$A$304,$B31,Grades!$E$5:$E$304,I$9,Grades!$F$5:$F$304,$C$6),"")) | J31: =IF(OR($B31="",J$9=""),"",IFERROR(AVERAGEIFS(Grades!$I$5:$I$304,Grades!$A$5:$A$304,$B31,Grades!$E$5:$E$304,J$9,Grades!$F$5:$F$304,$C$6),"")) | K31: =IF(OR($B31="",K$9=""),"",IFERROR(AVERAGEIFS(Grades!$I$5:$I$304,Grades!$A$5:$A$304,$B31,Grades!$E$5:$E$304,K$9,Grades!$F$5:$F$304,$C$6),"")) | ... O31: =IF(OR($B31="",O$9=""),"",IFERROR(AVERAGEIFS(Grades!$I$5:$I$304,Grades!$A$5:$A$304,$B31,Grades!$E$5:$E$304,O$9,Grades!$F$5:$F$304,$C$6),"")) | P31: =IF(COUNT(D31:O31)=0,"",SUM(D31:O31)) | Q31: =IF(COUNT(D31:O31)=0,"",AVERAGE(D31:O31)) | R31: =IF(Q31="","",IF(Q31>=Settings!$E$11,Settings!$F$11,IF(Q31>=Settings!$E$12,Settings!$F$12,IF(Q31>=Settings!$E$13,Settings!$F$13,IF(Q31>=Settings!$E$14,Settings!$F$14,Settings!$F$15))))) | S31: =IF(Q31="","",RANK(Q31,$Q$10:$Q$49))
A32: =IF($B32="","",23) | B32: =IFERROR(INDEX(Students!$A$5:$A$304,MATCH($C$4&"|"&$C$5&"|"&23,Students!$O$5:$O$304,0)),"") | C32: =IF($B32="","",INDEX(Students!$B$5:$B$304,MATCH($B32,Students!$A$5:$A$304,0))) | D32: =IF(OR($B32="",D$9=""),"",IFERROR(AVERAGEIFS(Grades!$I$5:$I$304,Grades!$A$5:$A$304,$B32,Grades!$E$5:$E$304,D$9,Grades!$F$5:$F$304,$C$6),"")) | E32: =IF(OR($B32="",E$9=""),"",IFERROR(AVERAGEIFS(Grades!$I$5:$I$304,Grades!$A$5:$A$304,$B32,Grades!$E$5:$E$304,E$9,Grades!$F$5:$F$304,$C$6),"")) | F32: =IF(OR($B32="",F$9=""),"",IFERROR(AVERAGEIFS(Grades!$I$5:$I$304,Grades!$A$5:$A$304,$B32,Grades!$E$5:$E$304,F$9,Grades!$F$5:$F$304,$C$6),"")) | G32: =IF(OR($B32="",G$9=""),"",IFERROR(AVERAGEIFS(Grades!$I$5:$I$304,Grades!$A$5:$A$304,$B32,Grades!$E$5:$E$304,G$9,Grades!$F$5:$F$304,$C$6),"")) | H32: =IF(OR($B32="",H$9=""),"",IFERROR(AVERAGEIFS(Grades!$I$5:$I$304,Grades!$A$5:$A$304,$B32,Grades!$E$5:$E$304,H$9,Grades!$F$5:$F$304,$C$6),"")) | I32: =IF(OR($B32="",I$9=""),"",IFERROR(AVERAGEIFS(Grades!$I$5:$I$304,Grades!$A$5:$A$304,$B32,Grades!$E$5:$E$304,I$9,Grades!$F$5:$F$304,$C$6),"")) | J32: =IF(OR($B32="",J$9=""),"",IFERROR(AVERAGEIFS(Grades!$I$5:$I$304,Grades!$A$5:$A$304,$B32,Grades!$E$5:$E$304,J$9,Grades!$F$5:$F$304,$C$6),"")) | K32: =IF(OR($B32="",K$9=""),"",IFERROR(AVERAGEIFS(Grades!$I$5:$I$304,Grades!$A$5:$A$304,$B32,Grades!$E$5:$E$304,K$9,Grades!$F$5:$F$304,$C$6),"")) | ... O32: =IF(OR($B32="",O$9=""),"",IFERROR(AVERAGEIFS(Grades!$I$5:$I$304,Grades!$A$5:$A$304,$B32,Grades!$E$5:$E$304,O$9,Grades!$F$5:$F$304,$C$6),"")) | P32: =IF(COUNT(D32:O32)=0,"",SUM(D32:O32)) | Q32: =IF(COUNT(D32:O32)=0,"",AVERAGE(D32:O32)) | R32: =IF(Q32="","",IF(Q32>=Settings!$E$11,Settings!$F$11,IF(Q32>=Settings!$E$12,Settings!$F$12,IF(Q32>=Settings!$E$13,Settings!$F$13,IF(Q32>=Settings!$E$14,Settings!$F$14,Settings!$F$15))))) | S32: =IF(Q32="","",RANK(Q32,$Q$10:$Q$49))
A33: =IF($B33="","",24) | B33: =IFERROR(INDEX(Students!$A$5:$A$304,MATCH($C$4&"|"&$C$5&"|"&24,Students!$O$5:$O$304,0)),"") | C33: =IF($B33="","",INDEX(Students!$B$5:$B$304,MATCH($B33,Students!$A$5:$A$304,0))) | D33: =IF(OR($B33="",D$9=""),"",IFERROR(AVERAGEIFS(Grades!$I$5:$I$304,Grades!$A$5:$A$304,$B33,Grades!$E$5:$E$304,D$9,Grades!$F$5:$F$304,$C$6),"")) | E33: =IF(OR($B33="",E$9=""),"",IFERROR(AVERAGEIFS(Grades!$I$5:$I$304,Grades!$A$5:$A$304,$B33,Grades!$E$5:$E$304,E$9,Grades!$F$5:$F$304,$C$6),"")) | F33: =IF(OR($B33="",F$9=""),"",IFERROR(AVERAGEIFS(Grades!$I$5:$I$304,Grades!$A$5:$A$304,$B33,Grades!$E$5:$E$304,F$9,Grades!$F$5:$F$304,$C$6),"")) | G33: =IF(OR($B33="",G$9=""),"",IFERROR(AVERAGEIFS(Grades!$I$5:$I$304,Grades!$A$5:$A$304,$B33,Grades!$E$5:$E$304,G$9,Grades!$F$5:$F$304,$C$6),"")) | H33: =IF(OR($B33="",H$9=""),"",IFERROR(AVERAGEIFS(Grades!$I$5:$I$304,Grades!$A$5:$A$304,$B33,Grades!$E$5:$E$304,H$9,Grades!$F$5:$F$304,$C$6),"")) | I33: =IF(OR($B33="",I$9=""),"",IFERROR(AVERAGEIFS(Grades!$I$5:$I$304,Grades!$A$5:$A$304,$B33,Grades!$E$5:$E$304,I$9,Grades!$F$5:$F$304,$C$6),"")) | J33: =IF(OR($B33="",J$9=""),"",IFERROR(AVERAGEIFS(Grades!$I$5:$I$304,Grades!$A$5:$A$304,$B33,Grades!$E$5:$E$304,J$9,Grades!$F$5:$F$304,$C$6),"")) | K33: =IF(OR($B33="",K$9=""),"",IFERROR(AVERAGEIFS(Grades!$I$5:$I$304,Grades!$A$5:$A$304,$B33,Grades!$E$5:$E$304,K$9,Grades!$F$5:$F$304,$C$6),"")) | ... O33: =IF(OR($B33="",O$9=""),"",IFERROR(AVERAGEIFS(Grades!$I$5:$I$304,Grades!$A$5:$A$304,$B33,Grades!$E$5:$E$304,O$9,Grades!$F$5:$F$304,$C$6),"")) | P33: =IF(COUNT(D33:O33)=0,"",SUM(D33:O33)) | Q33: =IF(COUNT(D33:O33)=0,"",AVERAGE(D33:O33)) | R33: =IF(Q33="","",IF(Q33>=Settings!$E$11,Settings!$F$11,IF(Q33>=Settings!$E$12,Settings!$F$12,IF(Q33>=Settings!$E$13,Settings!$F$13,IF(Q33>=Settings!$E$14,Settings!$F$14,Settings!$F$15))))) | S33: =IF(Q33="","",RANK(Q33,$Q$10:$Q$49))
A34: =IF($B34="","",25) | B34: =IFERROR(INDEX(Students!$A$5:$A$304,MATCH($C$4&"|"&$C$5&"|"&25,Students!$O$5:$O$304,0)),"") | C34: =IF($B34="","",INDEX(Students!$B$5:$B$304,MATCH($B34,Students!$A$5:$A$304,0))) | D34: =IF(OR($B34="",D$9=""),"",IFERROR(AVERAGEIFS(Grades!$I$5:$I$304,Grades!$A$5:$A$304,$B34,Grades!$E$5:$E$304,D$9,Grades!$F$5:$F$304,$C$6),"")) | E34: =IF(OR($B34="",E$9=""),"",IFERROR(AVERAGEIFS(Grades!$I$5:$I$304,Grades!$A$5:$A$304,$B34,Grades!$E$5:$E$304,E$9,Grades!$F$5:$F$304,$C$6),"")) | F34: =IF(OR($B34="",F$9=""),"",IFERROR(AVERAGEIFS(Grades!$I$5:$I$304,Grades!$A$5:$A$304,$B34,Grades!$E$5:$E$304,F$9,Grades!$F$5:$F$304,$C$6),"")) | G34: =IF(OR($B34="",G$9=""),"",IFERROR(AVERAGEIFS(Grades!$I$5:$I$304,Grades!$A$5:$A$304,$B34,Grades!$E$5:$E$304,G$9,Grades!$F$5:$F$304,$C$6),"")) | H34: =IF(OR($B34="",H$9=""),"",IFERROR(AVERAGEIFS(Grades!$I$5:$I$304,Grades!$A$5:$A$304,$B34,Grades!$E$5:$E$304,H$9,Grades!$F$5:$F$304,$C$6),"")) | I34: =IF(OR($B34="",I$9=""),"",IFERROR(AVERAGEIFS(Grades!$I$5:$I$304,Grades!$A$5:$A$304,$B34,Grades!$E$5:$E$304,I$9,Grades!$F$5:$F$304,$C$6),"")) | J34: =IF(OR($B34="",J$9=""),"",IFERROR(AVERAGEIFS(Grades!$I$5:$I$304,Grades!$A$5:$A$304,$B34,Grades!$E$5:$E$304,J$9,Grades!$F$5:$F$304,$C$6),"")) | K34: =IF(OR($B34="",K$9=""),"",IFERROR(AVERAGEIFS(Grades!$I$5:$I$304,Grades!$A$5:$A$304,$B34,Grades!$E$5:$E$304,K$9,Grades!$F$5:$F$304,$C$6),"")) | ... O34: =IF(OR($B34="",O$9=""),"",IFERROR(AVERAGEIFS(Grades!$I$5:$I$304,Grades!$A$5:$A$304,$B34,Grades!$E$5:$E$304,O$9,Grades!$F$5:$F$304,$C$6),"")) | P34: =IF(COUNT(D34:O34)=0,"",SUM(D34:O34)) | Q34: =IF(COUNT(D34:O34)=0,"",AVERAGE(D34:O34)) | R34: =IF(Q34="","",IF(Q34>=Settings!$E$11,Settings!$F$11,IF(Q34>=Settings!$E$12,Settings!$F$12,IF(Q34>=Settings!$E$13,Settings!$F$13,IF(Q34>=Settings!$E$14,Settings!$F$14,Settings!$F$15))))) | S34: =IF(Q34="","",RANK(Q34,$Q$10:$Q$49))
A35: =IF($B35="","",26) | B35: =IFERROR(INDEX(Students!$A$5:$A$304,MATCH($C$4&"|"&$C$5&"|"&26,Students!$O$5:$O$304,0)),"") | C35: =IF($B35="","",INDEX(Students!$B$5:$B$304,MATCH($B35,Students!$A$5:$A$304,0))) | D35: =IF(OR($B35="",D$9=""),"",IFERROR(AVERAGEIFS(Grades!$I$5:$I$304,Grades!$A$5:$A$304,$B35,Grades!$E$5:$E$304,D$9,Grades!$F$5:$F$304,$C$6),"")) | E35: =IF(OR($B35="",E$9=""),"",IFERROR(AVERAGEIFS(Grades!$I$5:$I$304,Grades!$A$5:$A$304,$B35,Grades!$E$5:$E$304,E$9,Grades!$F$5:$F$304,$C$6),"")) | F35: =IF(OR($B35="",F$9=""),"",IFERROR(AVERAGEIFS(Grades!$I$5:$I$304,Grades!$A$5:$A$304,$B35,Grades!$E$5:$E$304,F$9,Grades!$F$5:$F$304,$C$6),"")) | G35: =IF(OR($B35="",G$9=""),"",IFERROR(AVERAGEIFS(Grades!$I$5:$I$304,Grades!$A$5:$A$304,$B35,Grades!$E$5:$E$304,G$9,Grades!$F$5:$F$304,$C$6),"")) | H35: =IF(OR($B35="",H$9=""),"",IFERROR(AVERAGEIFS(Grades!$I$5:$I$304,Grades!$A$5:$A$304,$B35,Grades!$E$5:$E$304,H$9,Grades!$F$5:$F$304,$C$6),"")) | I35: =IF(OR($B35="",I$9=""),"",IFERROR(AVERAGEIFS(Grades!$I$5:$I$304,Grades!$A$5:$A$304,$B35,Grades!$E$5:$E$304,I$9,Grades!$F$5:$F$304,$C$6),"")) | J35: =IF(OR($B35="",J$9=""),"",IFERROR(AVERAGEIFS(Grades!$I$5:$I$304,Grades!$A$5:$A$304,$B35,Grades!$E$5:$E$304,J$9,Grades!$F$5:$F$304,$C$6),"")) | K35: =IF(OR($B35="",K$9=""),"",IFERROR(AVERAGEIFS(Grades!$I$5:$I$304,Grades!$A$5:$A$304,$B35,Grades!$E$5:$E$304,K$9,Grades!$F$5:$F$304,$C$6),"")) | ... O35: =IF(OR($B35="",O$9=""),"",IFERROR(AVERAGEIFS(Grades!$I$5:$I$304,Grades!$A$5:$A$304,$B35,Grades!$E$5:$E$304,O$9,Grades!$F$5:$F$304,$C$6),"")) | P35: =IF(COUNT(D35:O35)=0,"",SUM(D35:O35)) | Q35: =IF(COUNT(D35:O35)=0,"",AVERAGE(D35:O35)) | R35: =IF(Q35="","",IF(Q35>=Settings!$E$11,Settings!$F$11,IF(Q35>=Settings!$E$12,Settings!$F$12,IF(Q35>=Settings!$E$13,Settings!$F$13,IF(Q35>=Settings!$E$14,Settings!$F$14,Settings!$F$15))))) | S35: =IF(Q35="","",RANK(Q35,$Q$10:$Q$49))
A36: =IF($B36="","",27) | B36: =IFERROR(INDEX(Students!$A$5:$A$304,MATCH($C$4&"|"&$C$5&"|"&27,Students!$O$5:$O$304,0)),"") | C36: =IF($B36="","",INDEX(Students!$B$5:$B$304,MATCH($B36,Students!$A$5:$A$304,0))) | D36: =IF(OR($B36="",D$9=""),"",IFERROR(AVERAGEIFS(Grades!$I$5:$I$304,Grades!$A$5:$A$304,$B36,Grades!$E$5:$E$304,D$9,Grades!$F$5:$F$304,$C$6),"")) | E36: =IF(OR($B36="",E$9=""),"",IFERROR(AVERAGEIFS(Grades!$I$5:$I$304,Grades!$A$5:$A$304,$B36,Grades!$E$5:$E$304,E$9,Grades!$F$5:$F$304,$C$6),"")) | F36: =IF(OR($B36="",F$9=""),"",IFERROR(AVERAGEIFS(Grades!$I$5:$I$304,Grades!$A$5:$A$304,$B36,Grades!$E$5:$E$304,F$9,Grades!$F$5:$F$304,$C$6),"")) | G36: =IF(OR($B36="",G$9=""),"",IFERROR(AVERAGEIFS(Grades!$I$5:$I$304,Grades!$A$5:$A$304,$B36,Grades!$E$5:$E$304,G$9,Grades!$F$5:$F$304,$C$6),"")) | H36: =IF(OR($B36="",H$9=""),"",IFERROR(AVERAGEIFS(Grades!$I$5:$I$304,Grades!$A$5:$A$304,$B36,Grades!$E$5:$E$304,H$9,Grades!$F$5:$F$304,$C$6),"")) | I36: =IF(OR($B36="",I$9=""),"",IFERROR(AVERAGEIFS(Grades!$I$5:$I$304,Grades!$A$5:$A$304,$B36,Grades!$E$5:$E$304,I$9,Grades!$F$5:$F$304,$C$6),"")) | J36: =IF(OR($B36="",J$9=""),"",IFERROR(AVERAGEIFS(Grades!$I$5:$I$304,Grades!$A$5:$A$304,$B36,Grades!$E$5:$E$304,J$9,Grades!$F$5:$F$304,$C$6),"")) | K36: =IF(OR($B36="",K$9=""),"",IFERROR(AVERAGEIFS(Grades!$I$5:$I$304,Grades!$A$5:$A$304,$B36,Grades!$E$5:$E$304,K$9,Grades!$F$5:$F$304,$C$6),"")) | ... O36: =IF(OR($B36="",O$9=""),"",IFERROR(AVERAGEIFS(Grades!$I$5:$I$304,Grades!$A$5:$A$304,$B36,Grades!$E$5:$E$304,O$9,Grades!$F$5:$F$304,$C$6),"")) | P36: =IF(COUNT(D36:O36)=0,"",SUM(D36:O36)) | Q36: =IF(COUNT(D36:O36)=0,"",AVERAGE(D36:O36)) | R36: =IF(Q36="","",IF(Q36>=Settings!$E$11,Settings!$F$11,IF(Q36>=Settings!$E$12,Settings!$F$12,IF(Q36>=Settings!$E$13,Settings!$F$13,IF(Q36>=Settings!$E$14,Settings!$F$14,Settings!$F$15))))) | S36: =IF(Q36="","",RANK(Q36,$Q$10:$Q$49))
A37: =IF($B37="","",28) | B37: =IFERROR(INDEX(Students!$A$5:$A$304,MATCH($C$4&"|"&$C$5&"|"&28,Students!$O$5:$O$304,0)),"") | C37: =IF($B37="","",INDEX(Students!$B$5:$B$304,MATCH($B37,Students!$A$5:$A$304,0))) | D37: =IF(OR($B37="",D$9=""),"",IFERROR(AVERAGEIFS(Grades!$I$5:$I$304,Grades!$A$5:$A$304,$B37,Grades!$E$5:$E$304,D$9,Grades!$F$5:$F$304,$C$6),"")) | E37: =IF(OR($B37="",E$9=""),"",IFERROR(AVERAGEIFS(Grades!$I$5:$I$304,Grades!$A$5:$A$304,$B37,Grades!$E$5:$E$304,E$9,Grades!$F$5:$F$304,$C$6),"")) | F37: =IF(OR($B37="",F$9=""),"",IFERROR(AVERAGEIFS(Grades!$I$5:$I$304,Grades!$A$5:$A$304,$B37,Grades!$E$5:$E$304,F$9,Grades!$F$5:$F$304,$C$6),"")) | G37: =IF(OR($B37="",G$9=""),"",IFERROR(AVERAGEIFS(Grades!$I$5:$I$304,Grades!$A$5:$A$304,$B37,Grades!$E$5:$E$304,G$9,Grades!$F$5:$F$304,$C$6),"")) | H37: =IF(OR($B37="",H$9=""),"",IFERROR(AVERAGEIFS(Grades!$I$5:$I$304,Grades!$A$5:$A$304,$B37,Grades!$E$5:$E$304,H$9,Grades!$F$5:$F$304,$C$6),"")) | I37: =IF(OR($B37="",I$9=""),"",IFERROR(AVERAGEIFS(Grades!$I$5:$I$304,Grades!$A$5:$A$304,$B37,Grades!$E$5:$E$304,I$9,Grades!$F$5:$F$304,$C$6),"")) | J37: =IF(OR($B37="",J$9=""),"",IFERROR(AVERAGEIFS(Grades!$I$5:$I$304,Grades!$A$5:$A$304,$B37,Grades!$E$5:$E$304,J$9,Grades!$F$5:$F$304,$C$6),"")) | K37: =IF(OR($B37="",K$9=""),"",IFERROR(AVERAGEIFS(Grades!$I$5:$I$304,Grades!$A$5:$A$304,$B37,Grades!$E$5:$E$304,K$9,Grades!$F$5:$F$304,$C$6),"")) | ... O37: =IF(OR($B37="",O$9=""),"",IFERROR(AVERAGEIFS(Grades!$I$5:$I$304,Grades!$A$5:$A$304,$B37,Grades!$E$5:$E$304,O$9,Grades!$F$5:$F$304,$C$6),"")) | P37: =IF(COUNT(D37:O37)=0,"",SUM(D37:O37)) | Q37: =IF(COUNT(D37:O37)=0,"",AVERAGE(D37:O37)) | R37: =IF(Q37="","",IF(Q37>=Settings!$E$11,Settings!$F$11,IF(Q37>=Settings!$E$12,Settings!$F$12,IF(Q37>=Settings!$E$13,Settings!$F$13,IF(Q37>=Settings!$E$14,Settings!$F$14,Settings!$F$15))))) | S37: =IF(Q37="","",RANK(Q37,$Q$10:$Q$49))
A38: =IF($B38="","",29) | B38: =IFERROR(INDEX(Students!$A$5:$A$304,MATCH($C$4&"|"&$C$5&"|"&29,Students!$O$5:$O$304,0)),"") | C38: =IF($B38="","",INDEX(Students!$B$5:$B$304,MATCH($B38,Students!$A$5:$A$304,0))) | D38: =IF(OR($B38="",D$9=""),"",IFERROR(AVERAGEIFS(Grades!$I$5:$I$304,Grades!$A$5:$A$304,$B38,Grades!$E$5:$E$304,D$9,Grades!$F$5:$F$304,$C$6),"")) | E38: =IF(OR($B38="",E$9=""),"",IFERROR(AVERAGEIFS(Grades!$I$5:$I$304,Grades!$A$5:$A$304,$B38,Grades!$E$5:$E$304,E$9,Grades!$F$5:$F$304,$C$6),"")) | F38: =IF(OR($B38="",F$9=""),"",IFERROR(AVERAGEIFS(Grades!$I$5:$I$304,Grades!$A$5:$A$304,$B38,Grades!$E$5:$E$304,F$9,Grades!$F$5:$F$304,$C$6),"")) | G38: =IF(OR($B38="",G$9=""),"",IFERROR(AVERAGEIFS(Grades!$I$5:$I$304,Grades!$A$5:$A$304,$B38,Grades!$E$5:$E$304,G$9,Grades!$F$5:$F$304,$C$6),"")) | H38: =IF(OR($B38="",H$9=""),"",IFERROR(AVERAGEIFS(Grades!$I$5:$I$304,Grades!$A$5:$A$304,$B38,Grades!$E$5:$E$304,H$9,Grades!$F$5:$F$304,$C$6),"")) | I38: =IF(OR($B38="",I$9=""),"",IFERROR(AVERAGEIFS(Grades!$I$5:$I$304,Grades!$A$5:$A$304,$B38,Grades!$E$5:$E$304,I$9,Grades!$F$5:$F$304,$C$6),"")) | J38: =IF(OR($B38="",J$9=""),"",IFERROR(AVERAGEIFS(Grades!$I$5:$I$304,Grades!$A$5:$A$304,$B38,Grades!$E$5:$E$304,J$9,Grades!$F$5:$F$304,$C$6),"")) | K38: =IF(OR($B38="",K$9=""),"",IFERROR(AVERAGEIFS(Grades!$I$5:$I$304,Grades!$A$5:$A$304,$B38,Grades!$E$5:$E$304,K$9,Grades!$F$5:$F$304,$C$6),"")) | ... O38: =IF(OR($B38="",O$9=""),"",IFERROR(AVERAGEIFS(Grades!$I$5:$I$304,Grades!$A$5:$A$304,$B38,Grades!$E$5:$E$304,O$9,Grades!$F$5:$F$304,$C$6),"")) | P38: =IF(COUNT(D38:O38)=0,"",SUM(D38:O38)) | Q38: =IF(COUNT(D38:O38)=0,"",AVERAGE(D38:O38)) | R38: =IF(Q38="","",IF(Q38>=Settings!$E$11,Settings!$F$11,IF(Q38>=Settings!$E$12,Settings!$F$12,IF(Q38>=Settings!$E$13,Settings!$F$13,IF(Q38>=Settings!$E$14,Settings!$F$14,Settings!$F$15))))) | S38: =IF(Q38="","",RANK(Q38,$Q$10:$Q$49))
A39: =IF($B39="","",30) | B39: =IFERROR(INDEX(Students!$A$5:$A$304,MATCH($C$4&"|"&$C$5&"|"&30,Students!$O$5:$O$304,0)),"") | C39: =IF($B39="","",INDEX(Students!$B$5:$B$304,MATCH($B39,Students!$A$5:$A$304,0))) | D39: =IF(OR($B39="",D$9=""),"",IFERROR(AVERAGEIFS(Grades!$I$5:$I$304,Grades!$A$5:$A$304,$B39,Grades!$E$5:$E$304,D$9,Grades!$F$5:$F$304,$C$6),"")) | E39: =IF(OR($B39="",E$9=""),"",IFERROR(AVERAGEIFS(Grades!$I$5:$I$304,Grades!$A$5:$A$304,$B39,Grades!$E$5:$E$304,E$9,Grades!$F$5:$F$304,$C$6),"")) | F39: =IF(OR($B39="",F$9=""),"",IFERROR(AVERAGEIFS(Grades!$I$5:$I$304,Grades!$A$5:$A$304,$B39,Grades!$E$5:$E$304,F$9,Grades!$F$5:$F$304,$C$6),"")) | G39: =IF(OR($B39="",G$9=""),"",IFERROR(AVERAGEIFS(Grades!$I$5:$I$304,Grades!$A$5:$A$304,$B39,Grades!$E$5:$E$304,G$9,Grades!$F$5:$F$304,$C$6),"")) | H39: =IF(OR($B39="",H$9=""),"",IFERROR(AVERAGEIFS(Grades!$I$5:$I$304,Grades!$A$5:$A$304,$B39,Grades!$E$5:$E$304,H$9,Grades!$F$5:$F$304,$C$6),"")) | I39: =IF(OR($B39="",I$9=""),"",IFERROR(AVERAGEIFS(Grades!$I$5:$I$304,Grades!$A$5:$A$304,$B39,Grades!$E$5:$E$304,I$9,Grades!$F$5:$F$304,$C$6),"")) | J39: =IF(OR($B39="",J$9=""),"",IFERROR(AVERAGEIFS(Grades!$I$5:$I$304,Grades!$A$5:$A$304,$B39,Grades!$E$5:$E$304,J$9,Grades!$F$5:$F$304,$C$6),"")) | K39: =IF(OR($B39="",K$9=""),"",IFERROR(AVERAGEIFS(Grades!$I$5:$I$304,Grades!$A$5:$A$304,$B39,Grades!$E$5:$E$304,K$9,Grades!$F$5:$F$304,$C$6),"")) | ... O39: =IF(OR($B39="",O$9=""),"",IFERROR(AVERAGEIFS(Grades!$I$5:$I$304,Grades!$A$5:$A$304,$B39,Grades!$E$5:$E$304,O$9,Grades!$F$5:$F$304,$C$6),"")) | P39: =IF(COUNT(D39:O39)=0,"",SUM(D39:O39)) | Q39: =IF(COUNT(D39:O39)=0,"",AVERAGE(D39:O39)) | R39: =IF(Q39="","",IF(Q39>=Settings!$E$11,Settings!$F$11,IF(Q39>=Settings!$E$12,Settings!$F$12,IF(Q39>=Settings!$E$13,Settings!$F$13,IF(Q39>=Settings!$E$14,Settings!$F$14,Settings!$F$15))))) | S39: =IF(Q39="","",RANK(Q39,$Q$10:$Q$49))
A40: =IF($B40="","",31) | B40: =IFERROR(INDEX(Students!$A$5:$A$304,MATCH($C$4&"|"&$C$5&"|"&31,Students!$O$5:$O$304,0)),"") | C40: =IF($B40="","",INDEX(Students!$B$5:$B$304,MATCH($B40,Students!$A$5:$A$304,0))) | D40: =IF(OR($B40="",D$9=""),"",IFERROR(AVERAGEIFS(Grades!$I$5:$I$304,Grades!$A$5:$A$304,$B40,Grades!$E$5:$E$304,D$9,Grades!$F$5:$F$304,$C$6),"")) | E40: =IF(OR($B40="",E$9=""),"",IFERROR(AVERAGEIFS(Grades!$I$5:$I$304,Grades!$A$5:$A$304,$B40,Grades!$E$5:$E$304,E$9,Grades!$F$5:$F$304,$C$6),"")) | F40: =IF(OR($B40="",F$9=""),"",IFERROR(AVERAGEIFS(Grades!$I$5:$I$304,Grades!$A$5:$A$304,$B40,Grades!$E$5:$E$304,F$9,Grades!$F$5:$F$304,$C$6),"")) | G40: =IF(OR($B40="",G$9=""),"",IFERROR(AVERAGEIFS(Grades!$I$5:$I$304,Grades!$A$5:$A$304,$B40,Grades!$E$5:$E$304,G$9,Grades!$F$5:$F$304,$C$6),"")) | H40: =IF(OR($B40="",H$9=""),"",IFERROR(AVERAGEIFS(Grades!$I$5:$I$304,Grades!$A$5:$A$304,$B40,Grades!$E$5:$E$304,H$9,Grades!$F$5:$F$304,$C$6),"")) | I40: =IF(OR($B40="",I$9=""),"",IFERROR(AVERAGEIFS(Grades!$I$5:$I$304,Grades!$A$5:$A$304,$B40,Grades!$E$5:$E$304,I$9,Grades!$F$5:$F$304,$C$6),"")) | J40: =IF(OR($B40="",J$9=""),"",IFERROR(AVERAGEIFS(Grades!$I$5:$I$304,Grades!$A$5:$A$304,$B40,Grades!$E$5:$E$304,J$9,Grades!$F$5:$F$304,$C$6),"")) | K40: =IF(OR($B40="",K$9=""),"",IFERROR(AVERAGEIFS(Grades!$I$5:$I$304,Grades!$A$5:$A$304,$B40,Grades!$E$5:$E$304,K$9,Grades!$F$5:$F$304,$C$6),"")) | ... O40: =IF(OR($B40="",O$9=""),"",IFERROR(AVERAGEIFS(Grades!$I$5:$I$304,Grades!$A$5:$A$304,$B40,Grades!$E$5:$E$304,O$9,Grades!$F$5:$F$304,$C$6),"")) | P40: =IF(COUNT(D40:O40)=0,"",SUM(D40:O40)) | Q40: =IF(COUNT(D40:O40)=0,"",AVERAGE(D40:O40)) | R40: =IF(Q40="","",IF(Q40>=Settings!$E$11,Settings!$F$11,IF(Q40>=Settings!$E$12,Settings!$F$12,IF(Q40>=Settings!$E$13,Settings!$F$13,IF(Q40>=Settings!$E$14,Settings!$F$14,Settings!$F$15))))) | S40: =IF(Q40="","",RANK(Q40,$Q$10:$Q$49))
A41: =IF($B41="","",32) | B41: =IFERROR(INDEX(Students!$A$5:$A$304,MATCH($C$4&"|"&$C$5&"|"&32,Students!$O$5:$O$304,0)),"") | C41: =IF($B41="","",INDEX(Students!$B$5:$B$304,MATCH($B41,Students!$A$5:$A$304,0))) | D41: =IF(OR($B41="",D$9=""),"",IFERROR(AVERAGEIFS(Grades!$I$5:$I$304,Grades!$A$5:$A$304,$B41,Grades!$E$5:$E$304,D$9,Grades!$F$5:$F$304,$C$6),"")) | E41: =IF(OR($B41="",E$9=""),"",IFERROR(AVERAGEIFS(Grades!$I$5:$I$304,Grades!$A$5:$A$304,$B41,Grades!$E$5:$E$304,E$9,Grades!$F$5:$F$304,$C$6),"")) | F41: =IF(OR($B41="",F$9=""),"",IFERROR(AVERAGEIFS(Grades!$I$5:$I$304,Grades!$A$5:$A$304,$B41,Grades!$E$5:$E$304,F$9,Grades!$F$5:$F$304,$C$6),"")) | G41: =IF(OR($B41="",G$9=""),"",IFERROR(AVERAGEIFS(Grades!$I$5:$I$304,Grades!$A$5:$A$304,$B41,Grades!$E$5:$E$304,G$9,Grades!$F$5:$F$304,$C$6),"")) | H41: =IF(OR($B41="",H$9=""),"",IFERROR(AVERAGEIFS(Grades!$I$5:$I$304,Grades!$A$5:$A$304,$B41,Grades!$E$5:$E$304,H$9,Grades!$F$5:$F$304,$C$6),"")) | I41: =IF(OR($B41="",I$9=""),"",IFERROR(AVERAGEIFS(Grades!$I$5:$I$304,Grades!$A$5:$A$304,$B41,Grades!$E$5:$E$304,I$9,Grades!$F$5:$F$304,$C$6),"")) | J41: =IF(OR($B41="",J$9=""),"",IFERROR(AVERAGEIFS(Grades!$I$5:$I$304,Grades!$A$5:$A$304,$B41,Grades!$E$5:$E$304,J$9,Grades!$F$5:$F$304,$C$6),"")) | K41: =IF(OR($B41="",K$9=""),"",IFERROR(AVERAGEIFS(Grades!$I$5:$I$304,Grades!$A$5:$A$304,$B41,Grades!$E$5:$E$304,K$9,Grades!$F$5:$F$304,$C$6),"")) | ... O41: =IF(OR($B41="",O$9=""),"",IFERROR(AVERAGEIFS(Grades!$I$5:$I$304,Grades!$A$5:$A$304,$B41,Grades!$E$5:$E$304,O$9,Grades!$F$5:$F$304,$C$6),"")) | P41: =IF(COUNT(D41:O41)=0,"",SUM(D41:O41)) | Q41: =IF(COUNT(D41:O41)=0,"",AVERAGE(D41:O41)) | R41: =IF(Q41="","",IF(Q41>=Settings!$E$11,Settings!$F$11,IF(Q41>=Settings!$E$12,Settings!$F$12,IF(Q41>=Settings!$E$13,Settings!$F$13,IF(Q41>=Settings!$E$14,Settings!$F$14,Settings!$F$15))))) | S41: =IF(Q41="","",RANK(Q41,$Q$10:$Q$49))
A42: =IF($B42="","",33) | B42: =IFERROR(INDEX(Students!$A$5:$A$304,MATCH($C$4&"|"&$C$5&"|"&33,Students!$O$5:$O$304,0)),"") | C42: =IF($B42="","",INDEX(Students!$B$5:$B$304,MATCH($B42,Students!$A$5:$A$304,0))) | D42: =IF(OR($B42="",D$9=""),"",IFERROR(AVERAGEIFS(Grades!$I$5:$I$304,Grades!$A$5:$A$304,$B42,Grades!$E$5:$E$304,D$9,Grades!$F$5:$F$304,$C$6),"")) | E42: =IF(OR($B42="",E$9=""),"",IFERROR(AVERAGEIFS(Grades!$I$5:$I$304,Grades!$A$5:$A$304,$B42,Grades!$E$5:$E$304,E$9,Grades!$F$5:$F$304,$C$6),"")) | F42: =IF(OR($B42="",F$9=""),"",IFERROR(AVERAGEIFS(Grades!$I$5:$I$304,Grades!$A$5:$A$304,$B42,Grades!$E$5:$E$304,F$9,Grades!$F$5:$F$304,$C$6),"")) | G42: =IF(OR($B42="",G$9=""),"",IFERROR(AVERAGEIFS(Grades!$I$5:$I$304,Grades!$A$5:$A$304,$B42,Grades!$E$5:$E$304,G$9,Grades!$F$5:$F$304,$C$6),"")) | H42: =IF(OR($B42="",H$9=""),"",IFERROR(AVERAGEIFS(Grades!$I$5:$I$304,Grades!$A$5:$A$304,$B42,Grades!$E$5:$E$304,H$9,Grades!$F$5:$F$304,$C$6),"")) | I42: =IF(OR($B42="",I$9=""),"",IFERROR(AVERAGEIFS(Grades!$I$5:$I$304,Grades!$A$5:$A$304,$B42,Grades!$E$5:$E$304,I$9,Grades!$F$5:$F$304,$C$6),"")) | J42: =IF(OR($B42="",J$9=""),"",IFERROR(AVERAGEIFS(Grades!$I$5:$I$304,Grades!$A$5:$A$304,$B42,Grades!$E$5:$E$304,J$9,Grades!$F$5:$F$304,$C$6),"")) | K42: =IF(OR($B42="",K$9=""),"",IFERROR(AVERAGEIFS(Grades!$I$5:$I$304,Grades!$A$5:$A$304,$B42,Grades!$E$5:$E$304,K$9,Grades!$F$5:$F$304,$C$6),"")) | ... O42: =IF(OR($B42="",O$9=""),"",IFERROR(AVERAGEIFS(Grades!$I$5:$I$304,Grades!$A$5:$A$304,$B42,Grades!$E$5:$E$304,O$9,Grades!$F$5:$F$304,$C$6),"")) | P42: =IF(COUNT(D42:O42)=0,"",SUM(D42:O42)) | Q42: =IF(COUNT(D42:O42)=0,"",AVERAGE(D42:O42)) | R42: =IF(Q42="","",IF(Q42>=Settings!$E$11,Settings!$F$11,IF(Q42>=Settings!$E$12,Settings!$F$12,IF(Q42>=Settings!$E$13,Settings!$F$13,IF(Q42>=Settings!$E$14,Settings!$F$14,Settings!$F$15))))) | S42: =IF(Q42="","",RANK(Q42,$Q$10:$Q$49))
A43: =IF($B43="","",34) | B43: =IFERROR(INDEX(Students!$A$5:$A$304,MATCH($C$4&"|"&$C$5&"|"&34,Students!$O$5:$O$304,0)),"") | C43: =IF($B43="","",INDEX(Students!$B$5:$B$304,MATCH($B43,Students!$A$5:$A$304,0))) | D43: =IF(OR($B43="",D$9=""),"",IFERROR(AVERAGEIFS(Grades!$I$5:$I$304,Grades!$A$5:$A$304,$B43,Grades!$E$5:$E$304,D$9,Grades!$F$5:$F$304,$C$6),"")) | E43: =IF(OR($B43="",E$9=""),"",IFERROR(AVERAGEIFS(Grades!$I$5:$I$304,Grades!$A$5:$A$304,$B43,Grades!$E$5:$E$304,E$9,Grades!$F$5:$F$304,$C$6),"")) | F43: =IF(OR($B43="",F$9=""),"",IFERROR(AVERAGEIFS(Grades!$I$5:$I$304,Grades!$A$5:$A$304,$B43,Grades!$E$5:$E$304,F$9,Grades!$F$5:$F$304,$C$6),"")) | G43: =IF(OR($B43="",G$9=""),"",IFERROR(AVERAGEIFS(Grades!$I$5:$I$304,Grades!$A$5:$A$304,$B43,Grades!$E$5:$E$304,G$9,Grades!$F$5:$F$304,$C$6),"")) | H43: =IF(OR($B43="",H$9=""),"",IFERROR(AVERAGEIFS(Grades!$I$5:$I$304,Grades!$A$5:$A$304,$B43,Grades!$E$5:$E$304,H$9,Grades!$F$5:$F$304,$C$6),"")) | I43: =IF(OR($B43="",I$9=""),"",IFERROR(AVERAGEIFS(Grades!$I$5:$I$304,Grades!$A$5:$A$304,$B43,Grades!$E$5:$E$304,I$9,Grades!$F$5:$F$304,$C$6),"")) | J43: =IF(OR($B43="",J$9=""),"",IFERROR(AVERAGEIFS(Grades!$I$5:$I$304,Grades!$A$5:$A$304,$B43,Grades!$E$5:$E$304,J$9,Grades!$F$5:$F$304,$C$6),"")) | K43: =IF(OR($B43="",K$9=""),"",IFERROR(AVERAGEIFS(Grades!$I$5:$I$304,Grades!$A$5:$A$304,$B43,Grades!$E$5:$E$304,K$9,Grades!$F$5:$F$304,$C$6),"")) | ... O43: =IF(OR($B43="",O$9=""),"",IFERROR(AVERAGEIFS(Grades!$I$5:$I$304,Grades!$A$5:$A$304,$B43,Grades!$E$5:$E$304,O$9,Grades!$F$5:$F$304,$C$6),"")) | P43: =IF(COUNT(D43:O43)=0,"",SUM(D43:O43)) | Q43: =IF(COUNT(D43:O43)=0,"",AVERAGE(D43:O43)) | R43: =IF(Q43="","",IF(Q43>=Settings!$E$11,Settings!$F$11,IF(Q43>=Settings!$E$12,Settings!$F$12,IF(Q43>=Settings!$E$13,Settings!$F$13,IF(Q43>=Settings!$E$14,Settings!$F$14,Settings!$F$15))))) | S43: =IF(Q43="","",RANK(Q43,$Q$10:$Q$49))
A44: =IF($B44="","",35) | B44: =IFERROR(INDEX(Students!$A$5:$A$304,MATCH($C$4&"|"&$C$5&"|"&35,Students!$O$5:$O$304,0)),"") | C44: =IF($B44="","",INDEX(Students!$B$5:$B$304,MATCH($B44,Students!$A$5:$A$304,0))) | D44: =IF(OR($B44="",D$9=""),"",IFERROR(AVERAGEIFS(Grades!$I$5:$I$304,Grades!$A$5:$A$304,$B44,Grades!$E$5:$E$304,D$9,Grades!$F$5:$F$304,$C$6),"")) | E44: =IF(OR($B44="",E$9=""),"",IFERROR(AVERAGEIFS(Grades!$I$5:$I$304,Grades!$A$5:$A$304,$B44,Grades!$E$5:$E$304,E$9,Grades!$F$5:$F$304,$C$6),"")) | F44: =IF(OR($B44="",F$9=""),"",IFERROR(AVERAGEIFS(Grades!$I$5:$I$304,Grades!$A$5:$A$304,$B44,Grades!$E$5:$E$304,F$9,Grades!$F$5:$F$304,$C$6),"")) | G44: =IF(OR($B44="",G$9=""),"",IFERROR(AVERAGEIFS(Grades!$I$5:$I$304,Grades!$A$5:$A$304,$B44,Grades!$E$5:$E$304,G$9,Grades!$F$5:$F$304,$C$6),"")) | H44: =IF(OR($B44="",H$9=""),"",IFERROR(AVERAGEIFS(Grades!$I$5:$I$304,Grades!$A$5:$A$304,$B44,Grades!$E$5:$E$304,H$9,Grades!$F$5:$F$304,$C$6),"")) | I44: =IF(OR($B44="",I$9=""),"",IFERROR(AVERAGEIFS(Grades!$I$5:$I$304,Grades!$A$5:$A$304,$B44,Grades!$E$5:$E$304,I$9,Grades!$F$5:$F$304,$C$6),"")) | J44: =IF(OR($B44="",J$9=""),"",IFERROR(AVERAGEIFS(Grades!$I$5:$I$304,Grades!$A$5:$A$304,$B44,Grades!$E$5:$E$304,J$9,Grades!$F$5:$F$304,$C$6),"")) | K44: =IF(OR($B44="",K$9=""),"",IFERROR(AVERAGEIFS(Grades!$I$5:$I$304,Grades!$A$5:$A$304,$B44,Grades!$E$5:$E$304,K$9,Grades!$F$5:$F$304,$C$6),"")) | ... O44: =IF(OR($B44="",O$9=""),"",IFERROR(AVERAGEIFS(Grades!$I$5:$I$304,Grades!$A$5:$A$304,$B44,Grades!$E$5:$E$304,O$9,Grades!$F$5:$F$304,$C$6),"")) | P44: =IF(COUNT(D44:O44)=0,"",SUM(D44:O44)) | Q44: =IF(COUNT(D44:O44)=0,"",AVERAGE(D44:O44)) | R44: =IF(Q44="","",IF(Q44>=Settings!$E$11,Settings!$F$11,IF(Q44>=Settings!$E$12,Settings!$F$12,IF(Q44>=Settings!$E$13,Settings!$F$13,IF(Q44>=Settings!$E$14,Settings!$F$14,Settings!$F$15))))) | S44: =IF(Q44="","",RANK(Q44,$Q$10:$Q$49))
A45: =IF($B45="","",36) | B45: =IFERROR(INDEX(Students!$A$5:$A$304,MATCH($C$4&"|"&$C$5&"|"&36,Students!$O$5:$O$304,0)),"") | C45: =IF($B45="","",INDEX(Students!$B$5:$B$304,MATCH($B45,Students!$A$5:$A$304,0))) | D45: =IF(OR($B45="",D$9=""),"",IFERROR(AVERAGEIFS(Grades!$I$5:$I$304,Grades!$A$5:$A$304,$B45,Grades!$E$5:$E$304,D$9,Grades!$F$5:$F$304,$C$6),"")) | E45: =IF(OR($B45="",E$9=""),"",IFERROR(AVERAGEIFS(Grades!$I$5:$I$304,Grades!$A$5:$A$304,$B45,Grades!$E$5:$E$304,E$9,Grades!$F$5:$F$304,$C$6),"")) | F45: =IF(OR($B45="",F$9=""),"",IFERROR(AVERAGEIFS(Grades!$I$5:$I$304,Grades!$A$5:$A$304,$B45,Grades!$E$5:$E$304,F$9,Grades!$F$5:$F$304,$C$6),"")) | G45: =IF(OR($B45="",G$9=""),"",IFERROR(AVERAGEIFS(Grades!$I$5:$I$304,Grades!$A$5:$A$304,$B45,Grades!$E$5:$E$304,G$9,Grades!$F$5:$F$304,$C$6),"")) | H45: =IF(OR($B45="",H$9=""),"",IFERROR(AVERAGEIFS(Grades!$I$5:$I$304,Grades!$A$5:$A$304,$B45,Grades!$E$5:$E$304,H$9,Grades!$F$5:$F$304,$C$6),"")) | I45: =IF(OR($B45="",I$9=""),"",IFERROR(AVERAGEIFS(Grades!$I$5:$I$304,Grades!$A$5:$A$304,$B45,Grades!$E$5:$E$304,I$9,Grades!$F$5:$F$304,$C$6),"")) | J45: =IF(OR($B45="",J$9=""),"",IFERROR(AVERAGEIFS(Grades!$I$5:$I$304,Grades!$A$5:$A$304,$B45,Grades!$E$5:$E$304,J$9,Grades!$F$5:$F$304,$C$6),"")) | K45: =IF(OR($B45="",K$9=""),"",IFERROR(AVERAGEIFS(Grades!$I$5:$I$304,Grades!$A$5:$A$304,$B45,Grades!$E$5:$E$304,K$9,Grades!$F$5:$F$304,$C$6),"")) | ... O45: =IF(OR($B45="",O$9=""),"",IFERROR(AVERAGEIFS(Grades!$I$5:$I$304,Grades!$A$5:$A$304,$B45,Grades!$E$5:$E$304,O$9,Grades!$F$5:$F$304,$C$6),"")) | P45: =IF(COUNT(D45:O45)=0,"",SUM(D45:O45)) | Q45: =IF(COUNT(D45:O45)=0,"",AVERAGE(D45:O45)) | R45: =IF(Q45="","",IF(Q45>=Settings!$E$11,Settings!$F$11,IF(Q45>=Settings!$E$12,Settings!$F$12,IF(Q45>=Settings!$E$13,Settings!$F$13,IF(Q45>=Settings!$E$14,Settings!$F$14,Settings!$F$15))))) | S45: =IF(Q45="","",RANK(Q45,$Q$10:$Q$49))
A46: =IF($B46="","",37) | B46: =IFERROR(INDEX(Students!$A$5:$A$304,MATCH($C$4&"|"&$C$5&"|"&37,Students!$O$5:$O$304,0)),"") | C46: =IF($B46="","",INDEX(Students!$B$5:$B$304,MATCH($B46,Students!$A$5:$A$304,0))) | D46: =IF(OR($B46="",D$9=""),"",IFERROR(AVERAGEIFS(Grades!$I$5:$I$304,Grades!$A$5:$A$304,$B46,Grades!$E$5:$E$304,D$9,Grades!$F$5:$F$304,$C$6),"")) | E46: =IF(OR($B46="",E$9=""),"",IFERROR(AVERAGEIFS(Grades!$I$5:$I$304,Grades!$A$5:$A$304,$B46,Grades!$E$5:$E$304,E$9,Grades!$F$5:$F$304,$C$6),"")) | F46: =IF(OR($B46="",F$9=""),"",IFERROR(AVERAGEIFS(Grades!$I$5:$I$304,Grades!$A$5:$A$304,$B46,Grades!$E$5:$E$304,F$9,Grades!$F$5:$F$304,$C$6),"")) | G46: =IF(OR($B46="",G$9=""),"",IFERROR(AVERAGEIFS(Grades!$I$5:$I$304,Grades!$A$5:$A$304,$B46,Grades!$E$5:$E$304,G$9,Grades!$F$5:$F$304,$C$6),"")) | H46: =IF(OR($B46="",H$9=""),"",IFERROR(AVERAGEIFS(Grades!$I$5:$I$304,Grades!$A$5:$A$304,$B46,Grades!$E$5:$E$304,H$9,Grades!$F$5:$F$304,$C$6),"")) | I46: =IF(OR($B46="",I$9=""),"",IFERROR(AVERAGEIFS(Grades!$I$5:$I$304,Grades!$A$5:$A$304,$B46,Grades!$E$5:$E$304,I$9,Grades!$F$5:$F$304,$C$6),"")) | J46: =IF(OR($B46="",J$9=""),"",IFERROR(AVERAGEIFS(Grades!$I$5:$I$304,Grades!$A$5:$A$304,$B46,Grades!$E$5:$E$304,J$9,Grades!$F$5:$F$304,$C$6),"")) | K46: =IF(OR($B46="",K$9=""),"",IFERROR(AVERAGEIFS(Grades!$I$5:$I$304,Grades!$A$5:$A$304,$B46,Grades!$E$5:$E$304,K$9,Grades!$F$5:$F$304,$C$6),"")) | ... O46: =IF(OR($B46="",O$9=""),"",IFERROR(AVERAGEIFS(Grades!$I$5:$I$304,Grades!$A$5:$A$304,$B46,Grades!$E$5:$E$304,O$9,Grades!$F$5:$F$304,$C$6),"")) | P46: =IF(COUNT(D46:O46)=0,"",SUM(D46:O46)) | Q46: =IF(COUNT(D46:O46)=0,"",AVERAGE(D46:O46)) | R46: =IF(Q46="","",IF(Q46>=Settings!$E$11,Settings!$F$11,IF(Q46>=Settings!$E$12,Settings!$F$12,IF(Q46>=Settings!$E$13,Settings!$F$13,IF(Q46>=Settings!$E$14,Settings!$F$14,Settings!$F$15))))) | S46: =IF(Q46="","",RANK(Q46,$Q$10:$Q$49))
A47: =IF($B47="","",38) | B47: =IFERROR(INDEX(Students!$A$5:$A$304,MATCH($C$4&"|"&$C$5&"|"&38,Students!$O$5:$O$304,0)),"") | C47: =IF($B47="","",INDEX(Students!$B$5:$B$304,MATCH($B47,Students!$A$5:$A$304,0))) | D47: =IF(OR($B47="",D$9=""),"",IFERROR(AVERAGEIFS(Grades!$I$5:$I$304,Grades!$A$5:$A$304,$B47,Grades!$E$5:$E$304,D$9,Grades!$F$5:$F$304,$C$6),"")) | E47: =IF(OR($B47="",E$9=""),"",IFERROR(AVERAGEIFS(Grades!$I$5:$I$304,Grades!$A$5:$A$304,$B47,Grades!$E$5:$E$304,E$9,Grades!$F$5:$F$304,$C$6),"")) | F47: =IF(OR($B47="",F$9=""),"",IFERROR(AVERAGEIFS(Grades!$I$5:$I$304,Grades!$A$5:$A$304,$B47,Grades!$E$5:$E$304,F$9,Grades!$F$5:$F$304,$C$6),"")) | G47: =IF(OR($B47="",G$9=""),"",IFERROR(AVERAGEIFS(Grades!$I$5:$I$304,Grades!$A$5:$A$304,$B47,Grades!$E$5:$E$304,G$9,Grades!$F$5:$F$304,$C$6),"")) | H47: =IF(OR($B47="",H$9=""),"",IFERROR(AVERAGEIFS(Grades!$I$5:$I$304,Grades!$A$5:$A$304,$B47,Grades!$E$5:$E$304,H$9,Grades!$F$5:$F$304,$C$6),"")) | I47: =IF(OR($B47="",I$9=""),"",IFERROR(AVERAGEIFS(Grades!$I$5:$I$304,Grades!$A$5:$A$304,$B47,Grades!$E$5:$E$304,I$9,Grades!$F$5:$F$304,$C$6),"")) | J47: =IF(OR($B47="",J$9=""),"",IFERROR(AVERAGEIFS(Grades!$I$5:$I$304,Grades!$A$5:$A$304,$B47,Grades!$E$5:$E$304,J$9,Grades!$F$5:$F$304,$C$6),"")) | K47: =IF(OR($B47="",K$9=""),"",IFERROR(AVERAGEIFS(Grades!$I$5:$I$304,Grades!$A$5:$A$304,$B47,Grades!$E$5:$E$304,K$9,Grades!$F$5:$F$304,$C$6),"")) | ... O47: =IF(OR($B47="",O$9=""),"",IFERROR(AVERAGEIFS(Grades!$I$5:$I$304,Grades!$A$5:$A$304,$B47,Grades!$E$5:$E$304,O$9,Grades!$F$5:$F$304,$C$6),"")) | P47: =IF(COUNT(D47:O47)=0,"",SUM(D47:O47)) | Q47: =IF(COUNT(D47:O47)=0,"",AVERAGE(D47:O47)) | R47: =IF(Q47="","",IF(Q47>=Settings!$E$11,Settings!$F$11,IF(Q47>=Settings!$E$12,Settings!$F$12,IF(Q47>=Settings!$E$13,Settings!$F$13,IF(Q47>=Settings!$E$14,Settings!$F$14,Settings!$F$15))))) | S47: =IF(Q47="","",RANK(Q47,$Q$10:$Q$49))
A48: =IF($B48="","",39) | B48: =IFERROR(INDEX(Students!$A$5:$A$304,MATCH($C$4&"|"&$C$5&"|"&39,Students!$O$5:$O$304,0)),"") | C48: =IF($B48="","",INDEX(Students!$B$5:$B$304,MATCH($B48,Students!$A$5:$A$304,0))) | D48: =IF(OR($B48="",D$9=""),"",IFERROR(AVERAGEIFS(Grades!$I$5:$I$304,Grades!$A$5:$A$304,$B48,Grades!$E$5:$E$304,D$9,Grades!$F$5:$F$304,$C$6),"")) | E48: =IF(OR($B48="",E$9=""),"",IFERROR(AVERAGEIFS(Grades!$I$5:$I$304,Grades!$A$5:$A$304,$B48,Grades!$E$5:$E$304,E$9,Grades!$F$5:$F$304,$C$6),"")) | F48: =IF(OR($B48="",F$9=""),"",IFERROR(AVERAGEIFS(Grades!$I$5:$I$304,Grades!$A$5:$A$304,$B48,Grades!$E$5:$E$304,F$9,Grades!$F$5:$F$304,$C$6),"")) | G48: =IF(OR($B48="",G$9=""),"",IFERROR(AVERAGEIFS(Grades!$I$5:$I$304,Grades!$A$5:$A$304,$B48,Grades!$E$5:$E$304,G$9,Grades!$F$5:$F$304,$C$6),"")) | H48: =IF(OR($B48="",H$9=""),"",IFERROR(AVERAGEIFS(Grades!$I$5:$I$304,Grades!$A$5:$A$304,$B48,Grades!$E$5:$E$304,H$9,Grades!$F$5:$F$304,$C$6),"")) | I48: =IF(OR($B48="",I$9=""),"",IFERROR(AVERAGEIFS(Grades!$I$5:$I$304,Grades!$A$5:$A$304,$B48,Grades!$E$5:$E$304,I$9,Grades!$F$5:$F$304,$C$6),"")) | J48: =IF(OR($B48="",J$9=""),"",IFERROR(AVERAGEIFS(Grades!$I$5:$I$304,Grades!$A$5:$A$304,$B48,Grades!$E$5:$E$304,J$9,Grades!$F$5:$F$304,$C$6),"")) | K48: =IF(OR($B48="",K$9=""),"",IFERROR(AVERAGEIFS(Grades!$I$5:$I$304,Grades!$A$5:$A$304,$B48,Grades!$E$5:$E$304,K$9,Grades!$F$5:$F$304,$C$6),"")) | ... O48: =IF(OR($B48="",O$9=""),"",IFERROR(AVERAGEIFS(Grades!$I$5:$I$304,Grades!$A$5:$A$304,$B48,Grades!$E$5:$E$304,O$9,Grades!$F$5:$F$304,$C$6),"")) | P48: =IF(COUNT(D48:O48)=0,"",SUM(D48:O48)) | Q48: =IF(COUNT(D48:O48)=0,"",AVERAGE(D48:O48)) | R48: =IF(Q48="","",IF(Q48>=Settings!$E$11,Settings!$F$11,IF(Q48>=Settings!$E$12,Settings!$F$12,IF(Q48>=Settings!$E$13,Settings!$F$13,IF(Q48>=Settings!$E$14,Settings!$F$14,Settings!$F$15))))) | S48: =IF(Q48="","",RANK(Q48,$Q$10:$Q$49))
A49: =IF($B49="","",40) | B49: =IFERROR(INDEX(Students!$A$5:$A$304,MATCH($C$4&"|"&$C$5&"|"&40,Students!$O$5:$O$304,0)),"") | C49: =IF($B49="","",INDEX(Students!$B$5:$B$304,MATCH($B49,Students!$A$5:$A$304,0))) | D49: =IF(OR($B49="",D$9=""),"",IFERROR(AVERAGEIFS(Grades!$I$5:$I$304,Grades!$A$5:$A$304,$B49,Grades!$E$5:$E$304,D$9,Grades!$F$5:$F$304,$C$6),"")) | E49: =IF(OR($B49="",E$9=""),"",IFERROR(AVERAGEIFS(Grades!$I$5:$I$304,Grades!$A$5:$A$304,$B49,Grades!$E$5:$E$304,E$9,Grades!$F$5:$F$304,$C$6),"")) | F49: =IF(OR($B49="",F$9=""),"",IFERROR(AVERAGEIFS(Grades!$I$5:$I$304,Grades!$A$5:$A$304,$B49,Grades!$E$5:$E$304,F$9,Grades!$F$5:$F$304,$C$6),"")) | G49: =IF(OR($B49="",G$9=""),"",IFERROR(AVERAGEIFS(Grades!$I$5:$I$304,Grades!$A$5:$A$304,$B49,Grades!$E$5:$E$304,G$9,Grades!$F$5:$F$304,$C$6),"")) | H49: =IF(OR($B49="",H$9=""),"",IFERROR(AVERAGEIFS(Grades!$I$5:$I$304,Grades!$A$5:$A$304,$B49,Grades!$E$5:$E$304,H$9,Grades!$F$5:$F$304,$C$6),"")) | I49: =IF(OR($B49="",I$9=""),"",IFERROR(AVERAGEIFS(Grades!$I$5:$I$304,Grades!$A$5:$A$304,$B49,Grades!$E$5:$E$304,I$9,Grades!$F$5:$F$304,$C$6),"")) | J49: =IF(OR($B49="",J$9=""),"",IFERROR(AVERAGEIFS(Grades!$I$5:$I$304,Grades!$A$5:$A$304,$B49,Grades!$E$5:$E$304,J$9,Grades!$F$5:$F$304,$C$6),"")) | K49: =IF(OR($B49="",K$9=""),"",IFERROR(AVERAGEIFS(Grades!$I$5:$I$304,Grades!$A$5:$A$304,$B49,Grades!$E$5:$E$304,K$9,Grades!$F$5:$F$304,$C$6),"")) | ... O49: =IF(OR($B49="",O$9=""),"",IFERROR(AVERAGEIFS(Grades!$I$5:$I$304,Grades!$A$5:$A$304,$B49,Grades!$E$5:$E$304,O$9,Grades!$F$5:$F$304,$C$6),"")) | P49: =IF(COUNT(D49:O49)=0,"",SUM(D49:O49)) | Q49: =IF(COUNT(D49:O49)=0,"",AVERAGE(D49:O49)) | R49: =IF(Q49="","",IF(Q49>=Settings!$E$11,Settings!$F$11,IF(Q49>=Settings!$E$12,Settings!$F$12,IF(Q49>=Settings!$E$13,Settings!$F$13,IF(Q49>=Settings!$E$14,Settings!$F$14,Settings!$F$15))))) | S49: =IF(Q49="","",RANK(Q49,$Q$10:$Q$49))

Sheet Class List
A1: Class List
A2: Pick a School ID and Class. Each class holds up to the limit set in Settings (40). Ready to print as a register.
A4: SCHOOL ID | C4: SCH01 | D4: =IF($C$4="","",IFERROR(INDEX(Schools!$B$5:$B$304,MATCH($C$4,Schools!$A$5:$A$304,0)),"School not found")) -> Example Primary School
A5: CLASS | C5: Class 4 | D5: =IF($C$5="","",COUNTIFS(Students!$E$5:$E$304,$C$4,Students!$F$5:$F$304,$C$5,Students!$K$5:$K$304,"Active")&" of "&Settings!$B$7&" places used | "&Settings!B5) -> 1 of 40 places used | 2026/2027
A7: Print with the Print Class List button on the Dashboard or on the right of this page. Remarks is a free column for the register.
A9: No. | B9: Student ID | C9: Full Name | D9: Gender | E9: Date of Birth | F9: Guardian | G9: Guardian Phone | H9: Remarks
A10: =IF($B10="","",1) -> 1 | B10: =IFERROR(INDEX(Students!$A$5:$A$304,MATCH($C$4&"|"&$C$5&"|"&1,Students!$O$5:$O$304,0)),"") -> S0001 | C10: =IF($B10="","",IFERROR(IF(INDEX(Students!$B$5:$B$304,MATCH($B10,Students!$A$5:$A$304,0))="","",INDEX(Students!$B$5:$B$304,MATCH($B10,Students!$A$5:$A$304,0))),"")) -> Aminata Conteh | D10: =IF($B10="","",IFERROR(IF(INDEX(Students!$C$5:$C$304,MATCH($B10,Students!$A$5:$A$304,0))="","",INDEX(Students!$C$5:$C$304,MATCH($B10,Students!$A$5:$A$304,0))),"")) -> F | E10: =IF($B10="","",IFERROR(IF(INDEX(Students!$D$5:$D$304,MATCH($B10,Students!$A$5:$A$304,0))="","",INDEX(Students!$D$5:$D$304,MATCH($B10,Students!$A$5:$A$304,0))),"")) -> 41771 | F10: =IF($B10="","",IFERROR(IF(INDEX(Students!$G$5:$G$304,MATCH($B10,Students!$A$5:$A$304,0))="","",INDEX(Students!$G$5:$G$304,MATCH($B10,Students!$A$5:$A$304,0))),"")) -> Fatmata Conteh | G10: =IF($B10="","",IFERROR(IF(INDEX(Students!$H$5:$H$304,MATCH($B10,Students!$A$5:$A$304,0))="","",INDEX(Students!$H$5:$H$304,MATCH($B10,Students!$A$5:$A$304,0))),"")) -> +232 78 000000
A11: =IF($B11="","",2) | B11: =IFERROR(INDEX(Students!$A$5:$A$304,MATCH($C$4&"|"&$C$5&"|"&2,Students!$O$5:$O$304,0)),"") | C11: =IF($B11="","",IFERROR(IF(INDEX(Students!$B$5:$B$304,MATCH($B11,Students!$A$5:$A$304,0))="","",INDEX(Students!$B$5:$B$304,MATCH($B11,Students!$A$5:$A$304,0))),"")) | D11: =IF($B11="","",IFERROR(IF(INDEX(Students!$C$5:$C$304,MATCH($B11,Students!$A$5:$A$304,0))="","",INDEX(Students!$C$5:$C$304,MATCH($B11,Students!$A$5:$A$304,0))),"")) | E11: =IF($B11="","",IFERROR(IF(INDEX(Students!$D$5:$D$304,MATCH($B11,Students!$A$5:$A$304,0))="","",INDEX(Students!$D$5:$D$304,MATCH($B11,Students!$A$5:$A$304,0))),"")) | F11: =IF($B11="","",IFERROR(IF(INDEX(Students!$G$5:$G$304,MATCH($B11,Students!$A$5:$A$304,0))="","",INDEX(Students!$G$5:$G$304,MATCH($B11,Students!$A$5:$A$304,0))),"")) | G11: =IF($B11="","",IFERROR(IF(INDEX(Students!$H$5:$H$304,MATCH($B11,Students!$A$5:$A$304,0))="","",INDEX(Students!$H$5:$H$304,MATCH($B11,Students!$A$5:$A$304,0))),""))
A12: =IF($B12="","",3) | B12: =IFERROR(INDEX(Students!$A$5:$A$304,MATCH($C$4&"|"&$C$5&"|"&3,Students!$O$5:$O$304,0)),"") | C12: =IF($B12="","",IFERROR(IF(INDEX(Students!$B$5:$B$304,MATCH($B12,Students!$A$5:$A$304,0))="","",INDEX(Students!$B$5:$B$304,MATCH($B12,Students!$A$5:$A$304,0))),"")) | D12: =IF($B12="","",IFERROR(IF(INDEX(Students!$C$5:$C$304,MATCH($B12,Students!$A$5:$A$304,0))="","",INDEX(Students!$C$5:$C$304,MATCH($B12,Students!$A$5:$A$304,0))),"")) | E12: =IF($B12="","",IFERROR(IF(INDEX(Students!$D$5:$D$304,MATCH($B12,Students!$A$5:$A$304,0))="","",INDEX(Students!$D$5:$D$304,MATCH($B12,Students!$A$5:$A$304,0))),"")) | F12: =IF($B12="","",IFERROR(IF(INDEX(Students!$G$5:$G$304,MATCH($B12,Students!$A$5:$A$304,0))="","",INDEX(Students!$G$5:$G$304,MATCH($B12,Students!$A$5:$A$304,0))),"")) | G12: =IF($B12="","",IFERROR(IF(INDEX(Students!$H$5:$H$304,MATCH($B12,Students!$A$5:$A$304,0))="","",INDEX(Students!$H$5:$H$304,MATCH($B12,Students!$A$5:$A$304,0))),""))
A13: =IF($B13="","",4) | B13: =IFERROR(INDEX(Students!$A$5:$A$304,MATCH($C$4&"|"&$C$5&"|"&4,Students!$O$5:$O$304,0)),"") | C13: =IF($B13="","",IFERROR(IF(INDEX(Students!$B$5:$B$304,MATCH($B13,Students!$A$5:$A$304,0))="","",INDEX(Students!$B$5:$B$304,MATCH($B13,Students!$A$5:$A$304,0))),"")) | D13: =IF($B13="","",IFERROR(IF(INDEX(Students!$C$5:$C$304,MATCH($B13,Students!$A$5:$A$304,0))="","",INDEX(Students!$C$5:$C$304,MATCH($B13,Students!$A$5:$A$304,0))),"")) | E13: =IF($B13="","",IFERROR(IF(INDEX(Students!$D$5:$D$304,MATCH($B13,Students!$A$5:$A$304,0))="","",INDEX(Students!$D$5:$D$304,MATCH($B13,Students!$A$5:$A$304,0))),"")) | F13: =IF($B13="","",IFERROR(IF(INDEX(Students!$G$5:$G$304,MATCH($B13,Students!$A$5:$A$304,0))="","",INDEX(Students!$G$5:$G$304,MATCH($B13,Students!$A$5:$A$304,0))),"")) | G13: =IF($B13="","",IFERROR(IF(INDEX(Students!$H$5:$H$304,MATCH($B13,Students!$A$5:$A$304,0))="","",INDEX(Students!$H$5:$H$304,MATCH($B13,Students!$A$5:$A$304,0))),""))
A14: =IF($B14="","",5) | B14: =IFERROR(INDEX(Students!$A$5:$A$304,MATCH($C$4&"|"&$C$5&"|"&5,Students!$O$5:$O$304,0)),"") | C14: =IF($B14="","",IFERROR(IF(INDEX(Students!$B$5:$B$304,MATCH($B14,Students!$A$5:$A$304,0))="","",INDEX(Students!$B$5:$B$304,MATCH($B14,Students!$A$5:$A$304,0))),"")) | D14: =IF($B14="","",IFERROR(IF(INDEX(Students!$C$5:$C$304,MATCH($B14,Students!$A$5:$A$304,0))="","",INDEX(Students!$C$5:$C$304,MATCH($B14,Students!$A$5:$A$304,0))),"")) | E14: =IF($B14="","",IFERROR(IF(INDEX(Students!$D$5:$D$304,MATCH($B14,Students!$A$5:$A$304,0))="","",INDEX(Students!$D$5:$D$304,MATCH($B14,Students!$A$5:$A$304,0))),"")) | F14: =IF($B14="","",IFERROR(IF(INDEX(Students!$G$5:$G$304,MATCH($B14,Students!$A$5:$A$304,0))="","",INDEX(Students!$G$5:$G$304,MATCH($B14,Students!$A$5:$A$304,0))),"")) | G14: =IF($B14="","",IFERROR(IF(INDEX(Students!$H$5:$H$304,MATCH($B14,Students!$A$5:$A$304,0))="","",INDEX(Students!$H$5:$H$304,MATCH($B14,Students!$A$5:$A$304,0))),""))
A15: =IF($B15="","",6) | B15: =IFERROR(INDEX(Students!$A$5:$A$304,MATCH($C$4&"|"&$C$5&"|"&6,Students!$O$5:$O$304,0)),"") | C15: =IF($B15="","",IFERROR(IF(INDEX(Students!$B$5:$B$304,MATCH($B15,Students!$A$5:$A$304,0))="","",INDEX(Students!$B$5:$B$304,MATCH($B15,Students!$A$5:$A$304,0))),"")) | D15: =IF($B15="","",IFERROR(IF(INDEX(Students!$C$5:$C$304,MATCH($B15,Students!$A$5:$A$304,0))="","",INDEX(Students!$C$5:$C$304,MATCH($B15,Students!$A$5:$A$304,0))),"")) | E15: =IF($B15="","",IFERROR(IF(INDEX(Students!$D$5:$D$304,MATCH($B15,Students!$A$5:$A$304,0))="","",INDEX(Students!$D$5:$D$304,MATCH($B15,Students!$A$5:$A$304,0))),"")) | F15: =IF($B15="","",IFERROR(IF(INDEX(Students!$G$5:$G$304,MATCH($B15,Students!$A$5:$A$304,0))="","",INDEX(Students!$G$5:$G$304,MATCH($B15,Students!$A$5:$A$304,0))),"")) | G15: =IF($B15="","",IFERROR(IF(INDEX(Students!$H$5:$H$304,MATCH($B15,Students!$A$5:$A$304,0))="","",INDEX(Students!$H$5:$H$304,MATCH($B15,Students!$A$5:$A$304,0))),""))
A16: =IF($B16="","",7) | B16: =IFERROR(INDEX(Students!$A$5:$A$304,MATCH($C$4&"|"&$C$5&"|"&7,Students!$O$5:$O$304,0)),"") | C16: =IF($B16="","",IFERROR(IF(INDEX(Students!$B$5:$B$304,MATCH($B16,Students!$A$5:$A$304,0))="","",INDEX(Students!$B$5:$B$304,MATCH($B16,Students!$A$5:$A$304,0))),"")) | D16: =IF($B16="","",IFERROR(IF(INDEX(Students!$C$5:$C$304,MATCH($B16,Students!$A$5:$A$304,0))="","",INDEX(Students!$C$5:$C$304,MATCH($B16,Students!$A$5:$A$304,0))),"")) | E16: =IF($B16="","",IFERROR(IF(INDEX(Students!$D$5:$D$304,MATCH($B16,Students!$A$5:$A$304,0))="","",INDEX(Students!$D$5:$D$304,MATCH($B16,Students!$A$5:$A$304,0))),"")) | F16: =IF($B16="","",IFERROR(IF(INDEX(Students!$G$5:$G$304,MATCH($B16,Students!$A$5:$A$304,0))="","",INDEX(Students!$G$5:$G$304,MATCH($B16,Students!$A$5:$A$304,0))),"")) | G16: =IF($B16="","",IFERROR(IF(INDEX(Students!$H$5:$H$304,MATCH($B16,Students!$A$5:$A$304,0))="","",INDEX(Students!$H$5:$H$304,MATCH($B16,Students!$A$5:$A$304,0))),""))
A17: =IF($B17="","",8) | B17: =IFERROR(INDEX(Students!$A$5:$A$304,MATCH($C$4&"|"&$C$5&"|"&8,Students!$O$5:$O$304,0)),"") | C17: =IF($B17="","",IFERROR(IF(INDEX(Students!$B$5:$B$304,MATCH($B17,Students!$A$5:$A$304,0))="","",INDEX(Students!$B$5:$B$304,MATCH($B17,Students!$A$5:$A$304,0))),"")) | D17: =IF($B17="","",IFERROR(IF(INDEX(Students!$C$5:$C$304,MATCH($B17,Students!$A$5:$A$304,0))="","",INDEX(Students!$C$5:$C$304,MATCH($B17,Students!$A$5:$A$304,0))),"")) | E17: =IF($B17="","",IFERROR(IF(INDEX(Students!$D$5:$D$304,MATCH($B17,Students!$A$5:$A$304,0))="","",INDEX(Students!$D$5:$D$304,MATCH($B17,Students!$A$5:$A$304,0))),"")) | F17: =IF($B17="","",IFERROR(IF(INDEX(Students!$G$5:$G$304,MATCH($B17,Students!$A$5:$A$304,0))="","",INDEX(Students!$G$5:$G$304,MATCH($B17,Students!$A$5:$A$304,0))),"")) | G17: =IF($B17="","",IFERROR(IF(INDEX(Students!$H$5:$H$304,MATCH($B17,Students!$A$5:$A$304,0))="","",INDEX(Students!$H$5:$H$304,MATCH($B17,Students!$A$5:$A$304,0))),""))
A18: =IF($B18="","",9) | B18: =IFERROR(INDEX(Students!$A$5:$A$304,MATCH($C$4&"|"&$C$5&"|"&9,Students!$O$5:$O$304,0)),"") | C18: =IF($B18="","",IFERROR(IF(INDEX(Students!$B$5:$B$304,MATCH($B18,Students!$A$5:$A$304,0))="","",INDEX(Students!$B$5:$B$304,MATCH($B18,Students!$A$5:$A$304,0))),"")) | D18: =IF($B18="","",IFERROR(IF(INDEX(Students!$C$5:$C$304,MATCH($B18,Students!$A$5:$A$304,0))="","",INDEX(Students!$C$5:$C$304,MATCH($B18,Students!$A$5:$A$304,0))),"")) | E18: =IF($B18="","",IFERROR(IF(INDEX(Students!$D$5:$D$304,MATCH($B18,Students!$A$5:$A$304,0))="","",INDEX(Students!$D$5:$D$304,MATCH($B18,Students!$A$5:$A$304,0))),"")) | F18: =IF($B18="","",IFERROR(IF(INDEX(Students!$G$5:$G$304,MATCH($B18,Students!$A$5:$A$304,0))="","",INDEX(Students!$G$5:$G$304,MATCH($B18,Students!$A$5:$A$304,0))),"")) | G18: =IF($B18="","",IFERROR(IF(INDEX(Students!$H$5:$H$304,MATCH($B18,Students!$A$5:$A$304,0))="","",INDEX(Students!$H$5:$H$304,MATCH($B18,Students!$A$5:$A$304,0))),""))
A19: =IF($B19="","",10) | B19: =IFERROR(INDEX(Students!$A$5:$A$304,MATCH($C$4&"|"&$C$5&"|"&10,Students!$O$5:$O$304,0)),"") | C19: =IF($B19="","",IFERROR(IF(INDEX(Students!$B$5:$B$304,MATCH($B19,Students!$A$5:$A$304,0))="","",INDEX(Students!$B$5:$B$304,MATCH($B19,Students!$A$5:$A$304,0))),"")) | D19: =IF($B19="","",IFERROR(IF(INDEX(Students!$C$5:$C$304,MATCH($B19,Students!$A$5:$A$304,0))="","",INDEX(Students!$C$5:$C$304,MATCH($B19,Students!$A$5:$A$304,0))),"")) | E19: =IF($B19="","",IFERROR(IF(INDEX(Students!$D$5:$D$304,MATCH($B19,Students!$A$5:$A$304,0))="","",INDEX(Students!$D$5:$D$304,MATCH($B19,Students!$A$5:$A$304,0))),"")) | F19: =IF($B19="","",IFERROR(IF(INDEX(Students!$G$5:$G$304,MATCH($B19,Students!$A$5:$A$304,0))="","",INDEX(Students!$G$5:$G$304,MATCH($B19,Students!$A$5:$A$304,0))),"")) | G19: =IF($B19="","",IFERROR(IF(INDEX(Students!$H$5:$H$304,MATCH($B19,Students!$A$5:$A$304,0))="","",INDEX(Students!$H$5:$H$304,MATCH($B19,Students!$A$5:$A$304,0))),""))
A20: =IF($B20="","",11) | B20: =IFERROR(INDEX(Students!$A$5:$A$304,MATCH($C$4&"|"&$C$5&"|"&11,Students!$O$5:$O$304,0)),"") | C20: =IF($B20="","",IFERROR(IF(INDEX(Students!$B$5:$B$304,MATCH($B20,Students!$A$5:$A$304,0))="","",INDEX(Students!$B$5:$B$304,MATCH($B20,Students!$A$5:$A$304,0))),"")) | D20: =IF($B20="","",IFERROR(IF(INDEX(Students!$C$5:$C$304,MATCH($B20,Students!$A$5:$A$304,0))="","",INDEX(Students!$C$5:$C$304,MATCH($B20,Students!$A$5:$A$304,0))),"")) | E20: =IF($B20="","",IFERROR(IF(INDEX(Students!$D$5:$D$304,MATCH($B20,Students!$A$5:$A$304,0))="","",INDEX(Students!$D$5:$D$304,MATCH($B20,Students!$A$5:$A$304,0))),"")) | F20: =IF($B20="","",IFERROR(IF(INDEX(Students!$G$5:$G$304,MATCH($B20,Students!$A$5:$A$304,0))="","",INDEX(Students!$G$5:$G$304,MATCH($B20,Students!$A$5:$A$304,0))),"")) | G20: =IF($B20="","",IFERROR(IF(INDEX(Students!$H$5:$H$304,MATCH($B20,Students!$A$5:$A$304,0))="","",INDEX(Students!$H$5:$H$304,MATCH($B20,Students!$A$5:$A$304,0))),""))
A21: =IF($B21="","",12) | B21: =IFERROR(INDEX(Students!$A$5:$A$304,MATCH($C$4&"|"&$C$5&"|"&12,Students!$O$5:$O$304,0)),"") | C21: =IF($B21="","",IFERROR(IF(INDEX(Students!$B$5:$B$304,MATCH($B21,Students!$A$5:$A$304,0))="","",INDEX(Students!$B$5:$B$304,MATCH($B21,Students!$A$5:$A$304,0))),"")) | D21: =IF($B21="","",IFERROR(IF(INDEX(Students!$C$5:$C$304,MATCH($B21,Students!$A$5:$A$304,0))="","",INDEX(Students!$C$5:$C$304,MATCH($B21,Students!$A$5:$A$304,0))),"")) | E21: =IF($B21="","",IFERROR(IF(INDEX(Students!$D$5:$D$304,MATCH($B21,Students!$A$5:$A$304,0))="","",INDEX(Students!$D$5:$D$304,MATCH($B21,Students!$A$5:$A$304,0))),"")) | F21: =IF($B21="","",IFERROR(IF(INDEX(Students!$G$5:$G$304,MATCH($B21,Students!$A$5:$A$304,0))="","",INDEX(Students!$G$5:$G$304,MATCH($B21,Students!$A$5:$A$304,0))),"")) | G21: =IF($B21="","",IFERROR(IF(INDEX(Students!$H$5:$H$304,MATCH($B21,Students!$A$5:$A$304,0))="","",INDEX(Students!$H$5:$H$304,MATCH($B21,Students!$A$5:$A$304,0))),""))
A22: =IF($B22="","",13) | B22: =IFERROR(INDEX(Students!$A$5:$A$304,MATCH($C$4&"|"&$C$5&"|"&13,Students!$O$5:$O$304,0)),"") | C22: =IF($B22="","",IFERROR(IF(INDEX(Students!$B$5:$B$304,MATCH($B22,Students!$A$5:$A$304,0))="","",INDEX(Students!$B$5:$B$304,MATCH($B22,Students!$A$5:$A$304,0))),"")) | D22: =IF($B22="","",IFERROR(IF(INDEX(Students!$C$5:$C$304,MATCH($B22,Students!$A$5:$A$304,0))="","",INDEX(Students!$C$5:$C$304,MATCH($B22,Students!$A$5:$A$304,0))),"")) | E22: =IF($B22="","",IFERROR(IF(INDEX(Students!$D$5:$D$304,MATCH($B22,Students!$A$5:$A$304,0))="","",INDEX(Students!$D$5:$D$304,MATCH($B22,Students!$A$5:$A$304,0))),"")) | F22: =IF($B22="","",IFERROR(IF(INDEX(Students!$G$5:$G$304,MATCH($B22,Students!$A$5:$A$304,0))="","",INDEX(Students!$G$5:$G$304,MATCH($B22,Students!$A$5:$A$304,0))),"")) | G22: =IF($B22="","",IFERROR(IF(INDEX(Students!$H$5:$H$304,MATCH($B22,Students!$A$5:$A$304,0))="","",INDEX(Students!$H$5:$H$304,MATCH($B22,Students!$A$5:$A$304,0))),""))
A23: =IF($B23="","",14) | B23: =IFERROR(INDEX(Students!$A$5:$A$304,MATCH($C$4&"|"&$C$5&"|"&14,Students!$O$5:$O$304,0)),"") | C23: =IF($B23="","",IFERROR(IF(INDEX(Students!$B$5:$B$304,MATCH($B23,Students!$A$5:$A$304,0))="","",INDEX(Students!$B$5:$B$304,MATCH($B23,Students!$A$5:$A$304,0))),"")) | D23: =IF($B23="","",IFERROR(IF(INDEX(Students!$C$5:$C$304,MATCH($B23,Students!$A$5:$A$304,0))="","",INDEX(Students!$C$5:$C$304,MATCH($B23,Students!$A$5:$A$304,0))),"")) | E23: =IF($B23="","",IFERROR(IF(INDEX(Students!$D$5:$D$304,MATCH($B23,Students!$A$5:$A$304,0))="","",INDEX(Students!$D$5:$D$304,MATCH($B23,Students!$A$5:$A$304,0))),"")) | F23: =IF($B23="","",IFERROR(IF(INDEX(Students!$G$5:$G$304,MATCH($B23,Students!$A$5:$A$304,0))="","",INDEX(Students!$G$5:$G$304,MATCH($B23,Students!$A$5:$A$304,0))),"")) | G23: =IF($B23="","",IFERROR(IF(INDEX(Students!$H$5:$H$304,MATCH($B23,Students!$A$5:$A$304,0))="","",INDEX(Students!$H$5:$H$304,MATCH($B23,Students!$A$5:$A$304,0))),""))
A24: =IF($B24="","",15) | B24: =IFERROR(INDEX(Students!$A$5:$A$304,MATCH($C$4&"|"&$C$5&"|"&15,Students!$O$5:$O$304,0)),"") | C24: =IF($B24="","",IFERROR(IF(INDEX(Students!$B$5:$B$304,MATCH($B24,Students!$A$5:$A$304,0))="","",INDEX(Students!$B$5:$B$304,MATCH($B24,Students!$A$5:$A$304,0))),"")) | D24: =IF($B24="","",IFERROR(IF(INDEX(Students!$C$5:$C$304,MATCH($B24,Students!$A$5:$A$304,0))="","",INDEX(Students!$C$5:$C$304,MATCH($B24,Students!$A$5:$A$304,0))),"")) | E24: =IF($B24="","",IFERROR(IF(INDEX(Students!$D$5:$D$304,MATCH($B24,Students!$A$5:$A$304,0))="","",INDEX(Students!$D$5:$D$304,MATCH($B24,Students!$A$5:$A$304,0))),"")) | F24: =IF($B24="","",IFERROR(IF(INDEX(Students!$G$5:$G$304,MATCH($B24,Students!$A$5:$A$304,0))="","",INDEX(Students!$G$5:$G$304,MATCH($B24,Students!$A$5:$A$304,0))),"")) | G24: =IF($B24="","",IFERROR(IF(INDEX(Students!$H$5:$H$304,MATCH($B24,Students!$A$5:$A$304,0))="","",INDEX(Students!$H$5:$H$304,MATCH($B24,Students!$A$5:$A$304,0))),""))
A25: =IF($B25="","",16) | B25: =IFERROR(INDEX(Students!$A$5:$A$304,MATCH($C$4&"|"&$C$5&"|"&16,Students!$O$5:$O$304,0)),"") | C25: =IF($B25="","",IFERROR(IF(INDEX(Students!$B$5:$B$304,MATCH($B25,Students!$A$5:$A$304,0))="","",INDEX(Students!$B$5:$B$304,MATCH($B25,Students!$A$5:$A$304,0))),"")) | D25: =IF($B25="","",IFERROR(IF(INDEX(Students!$C$5:$C$304,MATCH($B25,Students!$A$5:$A$304,0))="","",INDEX(Students!$C$5:$C$304,MATCH($B25,Students!$A$5:$A$304,0))),"")) | E25: =IF($B25="","",IFERROR(IF(INDEX(Students!$D$5:$D$304,MATCH($B25,Students!$A$5:$A$304,0))="","",INDEX(Students!$D$5:$D$304,MATCH($B25,Students!$A$5:$A$304,0))),"")) | F25: =IF($B25="","",IFERROR(IF(INDEX(Students!$G$5:$G$304,MATCH($B25,Students!$A$5:$A$304,0))="","",INDEX(Students!$G$5:$G$304,MATCH($B25,Students!$A$5:$A$304,0))),"")) | G25: =IF($B25="","",IFERROR(IF(INDEX(Students!$H$5:$H$304,MATCH($B25,Students!$A$5:$A$304,0))="","",INDEX(Students!$H$5:$H$304,MATCH($B25,Students!$A$5:$A$304,0))),""))
A26: =IF($B26="","",17) | B26: =IFERROR(INDEX(Students!$A$5:$A$304,MATCH($C$4&"|"&$C$5&"|"&17,Students!$O$5:$O$304,0)),"") | C26: =IF($B26="","",IFERROR(IF(INDEX(Students!$B$5:$B$304,MATCH($B26,Students!$A$5:$A$304,0))="","",INDEX(Students!$B$5:$B$304,MATCH($B26,Students!$A$5:$A$304,0))),"")) | D26: =IF($B26="","",IFERROR(IF(INDEX(Students!$C$5:$C$304,MATCH($B26,Students!$A$5:$A$304,0))="","",INDEX(Students!$C$5:$C$304,MATCH($B26,Students!$A$5:$A$304,0))),"")) | E26: =IF($B26="","",IFERROR(IF(INDEX(Students!$D$5:$D$304,MATCH($B26,Students!$A$5:$A$304,0))="","",INDEX(Students!$D$5:$D$304,MATCH($B26,Students!$A$5:$A$304,0))),"")) | F26: =IF($B26="","",IFERROR(IF(INDEX(Students!$G$5:$G$304,MATCH($B26,Students!$A$5:$A$304,0))="","",INDEX(Students!$G$5:$G$304,MATCH($B26,Students!$A$5:$A$304,0))),"")) | G26: =IF($B26="","",IFERROR(IF(INDEX(Students!$H$5:$H$304,MATCH($B26,Students!$A$5:$A$304,0))="","",INDEX(Students!$H$5:$H$304,MATCH($B26,Students!$A$5:$A$304,0))),""))
A27: =IF($B27="","",18) | B27: =IFERROR(INDEX(Students!$A$5:$A$304,MATCH($C$4&"|"&$C$5&"|"&18,Students!$O$5:$O$304,0)),"") | C27: =IF($B27="","",IFERROR(IF(INDEX(Students!$B$5:$B$304,MATCH($B27,Students!$A$5:$A$304,0))="","",INDEX(Students!$B$5:$B$304,MATCH($B27,Students!$A$5:$A$304,0))),"")) | D27: =IF($B27="","",IFERROR(IF(INDEX(Students!$C$5:$C$304,MATCH($B27,Students!$A$5:$A$304,0))="","",INDEX(Students!$C$5:$C$304,MATCH($B27,Students!$A$5:$A$304,0))),"")) | E27: =IF($B27="","",IFERROR(IF(INDEX(Students!$D$5:$D$304,MATCH($B27,Students!$A$5:$A$304,0))="","",INDEX(Students!$D$5:$D$304,MATCH($B27,Students!$A$5:$A$304,0))),"")) | F27: =IF($B27="","",IFERROR(IF(INDEX(Students!$G$5:$G$304,MATCH($B27,Students!$A$5:$A$304,0))="","",INDEX(Students!$G$5:$G$304,MATCH($B27,Students!$A$5:$A$304,0))),"")) | G27: =IF($B27="","",IFERROR(IF(INDEX(Students!$H$5:$H$304,MATCH($B27,Students!$A$5:$A$304,0))="","",INDEX(Students!$H$5:$H$304,MATCH($B27,Students!$A$5:$A$304,0))),""))
A28: =IF($B28="","",19) | B28: =IFERROR(INDEX(Students!$A$5:$A$304,MATCH($C$4&"|"&$C$5&"|"&19,Students!$O$5:$O$304,0)),"") | C28: =IF($B28="","",IFERROR(IF(INDEX(Students!$B$5:$B$304,MATCH($B28,Students!$A$5:$A$304,0))="","",INDEX(Students!$B$5:$B$304,MATCH($B28,Students!$A$5:$A$304,0))),"")) | D28: =IF($B28="","",IFERROR(IF(INDEX(Students!$C$5:$C$304,MATCH($B28,Students!$A$5:$A$304,0))="","",INDEX(Students!$C$5:$C$304,MATCH($B28,Students!$A$5:$A$304,0))),"")) | E28: =IF($B28="","",IFERROR(IF(INDEX(Students!$D$5:$D$304,MATCH($B28,Students!$A$5:$A$304,0))="","",INDEX(Students!$D$5:$D$304,MATCH($B28,Students!$A$5:$A$304,0))),"")) | F28: =IF($B28="","",IFERROR(IF(INDEX(Students!$G$5:$G$304,MATCH($B28,Students!$A$5:$A$304,0))="","",INDEX(Students!$G$5:$G$304,MATCH($B28,Students!$A$5:$A$304,0))),"")) | G28: =IF($B28="","",IFERROR(IF(INDEX(Students!$H$5:$H$304,MATCH($B28,Students!$A$5:$A$304,0))="","",INDEX(Students!$H$5:$H$304,MATCH($B28,Students!$A$5:$A$304,0))),""))
A29: =IF($B29="","",20) | B29: =IFERROR(INDEX(Students!$A$5:$A$304,MATCH($C$4&"|"&$C$5&"|"&20,Students!$O$5:$O$304,0)),"") | C29: =IF($B29="","",IFERROR(IF(INDEX(Students!$B$5:$B$304,MATCH($B29,Students!$A$5:$A$304,0))="","",INDEX(Students!$B$5:$B$304,MATCH($B29,Students!$A$5:$A$304,0))),"")) | D29: =IF($B29="","",IFERROR(IF(INDEX(Students!$C$5:$C$304,MATCH($B29,Students!$A$5:$A$304,0))="","",INDEX(Students!$C$5:$C$304,MATCH($B29,Students!$A$5:$A$304,0))),"")) | E29: =IF($B29="","",IFERROR(IF(INDEX(Students!$D$5:$D$304,MATCH($B29,Students!$A$5:$A$304,0))="","",INDEX(Students!$D$5:$D$304,MATCH($B29,Students!$A$5:$A$304,0))),"")) | F29: =IF($B29="","",IFERROR(IF(INDEX(Students!$G$5:$G$304,MATCH($B29,Students!$A$5:$A$304,0))="","",INDEX(Students!$G$5:$G$304,MATCH($B29,Students!$A$5:$A$304,0))),"")) | G29: =IF($B29="","",IFERROR(IF(INDEX(Students!$H$5:$H$304,MATCH($B29,Students!$A$5:$A$304,0))="","",INDEX(Students!$H$5:$H$304,MATCH($B29,Students!$A$5:$A$304,0))),""))
A30: =IF($B30="","",21) | B30: =IFERROR(INDEX(Students!$A$5:$A$304,MATCH($C$4&"|"&$C$5&"|"&21,Students!$O$5:$O$304,0)),"") | C30: =IF($B30="","",IFERROR(IF(INDEX(Students!$B$5:$B$304,MATCH($B30,Students!$A$5:$A$304,0))="","",INDEX(Students!$B$5:$B$304,MATCH($B30,Students!$A$5:$A$304,0))),"")) | D30: =IF($B30="","",IFERROR(IF(INDEX(Students!$C$5:$C$304,MATCH($B30,Students!$A$5:$A$304,0))="","",INDEX(Students!$C$5:$C$304,MATCH($B30,Students!$A$5:$A$304,0))),"")) | E30: =IF($B30="","",IFERROR(IF(INDEX(Students!$D$5:$D$304,MATCH($B30,Students!$A$5:$A$304,0))="","",INDEX(Students!$D$5:$D$304,MATCH($B30,Students!$A$5:$A$304,0))),"")) | F30: =IF($B30="","",IFERROR(IF(INDEX(Students!$G$5:$G$304,MATCH($B30,Students!$A$5:$A$304,0))="","",INDEX(Students!$G$5:$G$304,MATCH($B30,Students!$A$5:$A$304,0))),"")) | G30: =IF($B30="","",IFERROR(IF(INDEX(Students!$H$5:$H$304,MATCH($B30,Students!$A$5:$A$304,0))="","",INDEX(Students!$H$5:$H$304,MATCH($B30,Students!$A$5:$A$304,0))),""))
A31: =IF($B31="","",22) | B31: =IFERROR(INDEX(Students!$A$5:$A$304,MATCH($C$4&"|"&$C$5&"|"&22,Students!$O$5:$O$304,0)),"") | C31: =IF($B31="","",IFERROR(IF(INDEX(Students!$B$5:$B$304,MATCH($B31,Students!$A$5:$A$304,0))="","",INDEX(Students!$B$5:$B$304,MATCH($B31,Students!$A$5:$A$304,0))),"")) | D31: =IF($B31="","",IFERROR(IF(INDEX(Students!$C$5:$C$304,MATCH($B31,Students!$A$5:$A$304,0))="","",INDEX(Students!$C$5:$C$304,MATCH($B31,Students!$A$5:$A$304,0))),"")) | E31: =IF($B31="","",IFERROR(IF(INDEX(Students!$D$5:$D$304,MATCH($B31,Students!$A$5:$A$304,0))="","",INDEX(Students!$D$5:$D$304,MATCH($B31,Students!$A$5:$A$304,0))),"")) | F31: =IF($B31="","",IFERROR(IF(INDEX(Students!$G$5:$G$304,MATCH($B31,Students!$A$5:$A$304,0))="","",INDEX(Students!$G$5:$G$304,MATCH($B31,Students!$A$5:$A$304,0))),"")) | G31: =IF($B31="","",IFERROR(IF(INDEX(Students!$H$5:$H$304,MATCH($B31,Students!$A$5:$A$304,0))="","",INDEX(Students!$H$5:$H$304,MATCH($B31,Students!$A$5:$A$304,0))),""))
A32: =IF($B32="","",23) | B32: =IFERROR(INDEX(Students!$A$5:$A$304,MATCH($C$4&"|"&$C$5&"|"&23,Students!$O$5:$O$304,0)),"") | C32: =IF($B32="","",IFERROR(IF(INDEX(Students!$B$5:$B$304,MATCH($B32,Students!$A$5:$A$304,0))="","",INDEX(Students!$B$5:$B$304,MATCH($B32,Students!$A$5:$A$304,0))),"")) | D32: =IF($B32="","",IFERROR(IF(INDEX(Students!$C$5:$C$304,MATCH($B32,Students!$A$5:$A$304,0))="","",INDEX(Students!$C$5:$C$304,MATCH($B32,Students!$A$5:$A$304,0))),"")) | E32: =IF($B32="","",IFERROR(IF(INDEX(Students!$D$5:$D$304,MATCH($B32,Students!$A$5:$A$304,0))="","",INDEX(Students!$D$5:$D$304,MATCH($B32,Students!$A$5:$A$304,0))),"")) | F32: =IF($B32="","",IFERROR(IF(INDEX(Students!$G$5:$G$304,MATCH($B32,Students!$A$5:$A$304,0))="","",INDEX(Students!$G$5:$G$304,MATCH($B32,Students!$A$5:$A$304,0))),"")) | G32: =IF($B32="","",IFERROR(IF(INDEX(Students!$H$5:$H$304,MATCH($B32,Students!$A$5:$A$304,0))="","",INDEX(Students!$H$5:$H$304,MATCH($B32,Students!$A$5:$A$304,0))),""))
A33: =IF($B33="","",24) | B33: =IFERROR(INDEX(Students!$A$5:$A$304,MATCH($C$4&"|"&$C$5&"|"&24,Students!$O$5:$O$304,0)),"") | C33: =IF($B33="","",IFERROR(IF(INDEX(Students!$B$5:$B$304,MATCH($B33,Students!$A$5:$A$304,0))="","",INDEX(Students!$B$5:$B$304,MATCH($B33,Students!$A$5:$A$304,0))),"")) | D33: =IF($B33="","",IFERROR(IF(INDEX(Students!$C$5:$C$304,MATCH($B33,Students!$A$5:$A$304,0))="","",INDEX(Students!$C$5:$C$304,MATCH($B33,Students!$A$5:$A$304,0))),"")) | E33: =IF($B33="","",IFERROR(IF(INDEX(Students!$D$5:$D$304,MATCH($B33,Students!$A$5:$A$304,0))="","",INDEX(Students!$D$5:$D$304,MATCH($B33,Students!$A$5:$A$304,0))),"")) | F33: =IF($B33="","",IFERROR(IF(INDEX(Students!$G$5:$G$304,MATCH($B33,Students!$A$5:$A$304,0))="","",INDEX(Students!$G$5:$G$304,MATCH($B33,Students!$A$5:$A$304,0))),"")) | G33: =IF($B33="","",IFERROR(IF(INDEX(Students!$H$5:$H$304,MATCH($B33,Students!$A$5:$A$304,0))="","",INDEX(Students!$H$5:$H$304,MATCH($B33,Students!$A$5:$A$304,0))),""))
A34: =IF($B34="","",25) | B34: =IFERROR(INDEX(Students!$A$5:$A$304,MATCH($C$4&"|"&$C$5&"|"&25,Students!$O$5:$O$304,0)),"") | C34: =IF($B34="","",IFERROR(IF(INDEX(Students!$B$5:$B$304,MATCH($B34,Students!$A$5:$A$304,0))="","",INDEX(Students!$B$5:$B$304,MATCH($B34,Students!$A$5:$A$304,0))),"")) | D34: =IF($B34="","",IFERROR(IF(INDEX(Students!$C$5:$C$304,MATCH($B34,Students!$A$5:$A$304,0))="","",INDEX(Students!$C$5:$C$304,MATCH($B34,Students!$A$5:$A$304,0))),"")) | E34: =IF($B34="","",IFERROR(IF(INDEX(Students!$D$5:$D$304,MATCH($B34,Students!$A$5:$A$304,0))="","",INDEX(Students!$D$5:$D$304,MATCH($B34,Students!$A$5:$A$304,0))),"")) | F34: =IF($B34="","",IFERROR(IF(INDEX(Students!$G$5:$G$304,MATCH($B34,Students!$A$5:$A$304,0))="","",INDEX(Students!$G$5:$G$304,MATCH($B34,Students!$A$5:$A$304,0))),"")) | G34: =IF($B34="","",IFERROR(IF(INDEX(Students!$H$5:$H$304,MATCH($B34,Students!$A$5:$A$304,0))="","",INDEX(Students!$H$5:$H$304,MATCH($B34,Students!$A$5:$A$304,0))),""))
A35: =IF($B35="","",26) | B35: =IFERROR(INDEX(Students!$A$5:$A$304,MATCH($C$4&"|"&$C$5&"|"&26,Students!$O$5:$O$304,0)),"") | C35: =IF($B35="","",IFERROR(IF(INDEX(Students!$B$5:$B$304,MATCH($B35,Students!$A$5:$A$304,0))="","",INDEX(Students!$B$5:$B$304,MATCH($B35,Students!$A$5:$A$304,0))),"")) | D35: =IF($B35="","",IFERROR(IF(INDEX(Students!$C$5:$C$304,MATCH($B35,Students!$A$5:$A$304,0))="","",INDEX(Students!$C$5:$C$304,MATCH($B35,Students!$A$5:$A$304,0))),"")) | E35: =IF($B35="","",IFERROR(IF(INDEX(Students!$D$5:$D$304,MATCH($B35,Students!$A$5:$A$304,0))="","",INDEX(Students!$D$5:$D$304,MATCH($B35,Students!$A$5:$A$304,0))),"")) | F35: =IF($B35="","",IFERROR(IF(INDEX(Students!$G$5:$G$304,MATCH($B35,Students!$A$5:$A$304,0))="","",INDEX(Students!$G$5:$G$304,MATCH($B35,Students!$A$5:$A$304,0))),"")) | G35: =IF($B35="","",IFERROR(IF(INDEX(Students!$H$5:$H$304,MATCH($B35,Students!$A$5:$A$304,0))="","",INDEX(Students!$H$5:$H$304,MATCH($B35,Students!$A$5:$A$304,0))),""))
A36: =IF($B36="","",27) | B36: =IFERROR(INDEX(Students!$A$5:$A$304,MATCH($C$4&"|"&$C$5&"|"&27,Students!$O$5:$O$304,0)),"") | C36: =IF($B36="","",IFERROR(IF(INDEX(Students!$B$5:$B$304,MATCH($B36,Students!$A$5:$A$304,0))="","",INDEX(Students!$B$5:$B$304,MATCH($B36,Students!$A$5:$A$304,0))),"")) | D36: =IF($B36="","",IFERROR(IF(INDEX(Students!$C$5:$C$304,MATCH($B36,Students!$A$5:$A$304,0))="","",INDEX(Students!$C$5:$C$304,MATCH($B36,Students!$A$5:$A$304,0))),"")) | E36: =IF($B36="","",IFERROR(IF(INDEX(Students!$D$5:$D$304,MATCH($B36,Students!$A$5:$A$304,0))="","",INDEX(Students!$D$5:$D$304,MATCH($B36,Students!$A$5:$A$304,0))),"")) | F36: =IF($B36="","",IFERROR(IF(INDEX(Students!$G$5:$G$304,MATCH($B36,Students!$A$5:$A$304,0))="","",INDEX(Students!$G$5:$G$304,MATCH($B36,Students!$A$5:$A$304,0))),"")) | G36: =IF($B36="","",IFERROR(IF(INDEX(Students!$H$5:$H$304,MATCH($B36,Students!$A$5:$A$304,0))="","",INDEX(Students!$H$5:$H$304,MATCH($B36,Students!$A$5:$A$304,0))),""))
A37: =IF($B37="","",28) | B37: =IFERROR(INDEX(Students!$A$5:$A$304,MATCH($C$4&"|"&$C$5&"|"&28,Students!$O$5:$O$304,0)),"") | C37: =IF($B37="","",IFERROR(IF(INDEX(Students!$B$5:$B$304,MATCH($B37,Students!$A$5:$A$304,0))="","",INDEX(Students!$B$5:$B$304,MATCH($B37,Students!$A$5:$A$304,0))),"")) | D37: =IF($B37="","",IFERROR(IF(INDEX(Students!$C$5:$C$304,MATCH($B37,Students!$A$5:$A$304,0))="","",INDEX(Students!$C$5:$C$304,MATCH($B37,Students!$A$5:$A$304,0))),"")) | E37: =IF($B37="","",IFERROR(IF(INDEX(Students!$D$5:$D$304,MATCH($B37,Students!$A$5:$A$304,0))="","",INDEX(Students!$D$5:$D$304,MATCH($B37,Students!$A$5:$A$304,0))),"")) | F37: =IF($B37="","",IFERROR(IF(INDEX(Students!$G$5:$G$304,MATCH($B37,Students!$A$5:$A$304,0))="","",INDEX(Students!$G$5:$G$304,MATCH($B37,Students!$A$5:$A$304,0))),"")) | G37: =IF($B37="","",IFERROR(IF(INDEX(Students!$H$5:$H$304,MATCH($B37,Students!$A$5:$A$304,0))="","",INDEX(Students!$H$5:$H$304,MATCH($B37,Students!$A$5:$A$304,0))),""))
A38: =IF($B38="","",29) | B38: =IFERROR(INDEX(Students!$A$5:$A$304,MATCH($C$4&"|"&$C$5&"|"&29,Students!$O$5:$O$304,0)),"") | C38: =IF($B38="","",IFERROR(IF(INDEX(Students!$B$5:$B$304,MATCH($B38,Students!$A$5:$A$304,0))="","",INDEX(Students!$B$5:$B$304,MATCH($B38,Students!$A$5:$A$304,0))),"")) | D38: =IF($B38="","",IFERROR(IF(INDEX(Students!$C$5:$C$304,MATCH($B38,Students!$A$5:$A$304,0))="","",INDEX(Students!$C$5:$C$304,MATCH($B38,Students!$A$5:$A$304,0))),"")) | E38: =IF($B38="","",IFERROR(IF(INDEX(Students!$D$5:$D$304,MATCH($B38,Students!$A$5:$A$304,0))="","",INDEX(Students!$D$5:$D$304,MATCH($B38,Students!$A$5:$A$304,0))),"")) | F38: =IF($B38="","",IFERROR(IF(INDEX(Students!$G$5:$G$304,MATCH($B38,Students!$A$5:$A$304,0))="","",INDEX(Students!$G$5:$G$304,MATCH($B38,Students!$A$5:$A$304,0))),"")) | G38: =IF($B38="","",IFERROR(IF(INDEX(Students!$H$5:$H$304,MATCH($B38,Students!$A$5:$A$304,0))="","",INDEX(Students!$H$5:$H$304,MATCH($B38,Students!$A$5:$A$304,0))),""))
A39: =IF($B39="","",30) | B39: =IFERROR(INDEX(Students!$A$5:$A$304,MATCH($C$4&"|"&$C$5&"|"&30,Students!$O$5:$O$304,0)),"") | C39: =IF($B39="","",IFERROR(IF(INDEX(Students!$B$5:$B$304,MATCH($B39,Students!$A$5:$A$304,0))="","",INDEX(Students!$B$5:$B$304,MATCH($B39,Students!$A$5:$A$304,0))),"")) | D39: =IF($B39="","",IFERROR(IF(INDEX(Students!$C$5:$C$304,MATCH($B39,Students!$A$5:$A$304,0))="","",INDEX(Students!$C$5:$C$304,MATCH($B39,Students!$A$5:$A$304,0))),"")) | E39: =IF($B39="","",IFERROR(IF(INDEX(Students!$D$5:$D$304,MATCH($B39,Students!$A$5:$A$304,0))="","",INDEX(Students!$D$5:$D$304,MATCH($B39,Students!$A$5:$A$304,0))),"")) | F39: =IF($B39="","",IFERROR(IF(INDEX(Students!$G$5:$G$304,MATCH($B39,Students!$A$5:$A$304,0))="","",INDEX(Students!$G$5:$G$304,MATCH($B39,Students!$A$5:$A$304,0))),"")) | G39: =IF($B39="","",IFERROR(IF(INDEX(Students!$H$5:$H$304,MATCH($B39,Students!$A$5:$A$304,0))="","",INDEX(Students!$H$5:$H$304,MATCH($B39,Students!$A$5:$A$304,0))),""))
A40: =IF($B40="","",31) | B40: =IFERROR(INDEX(Students!$A$5:$A$304,MATCH($C$4&"|"&$C$5&"|"&31,Students!$O$5:$O$304,0)),"") | C40: =IF($B40="","",IFERROR(IF(INDEX(Students!$B$5:$B$304,MATCH($B40,Students!$A$5:$A$304,0))="","",INDEX(Students!$B$5:$B$304,MATCH($B40,Students!$A$5:$A$304,0))),"")) | D40: =IF($B40="","",IFERROR(IF(INDEX(Students!$C$5:$C$304,MATCH($B40,Students!$A$5:$A$304,0))="","",INDEX(Students!$C$5:$C$304,MATCH($B40,Students!$A$5:$A$304,0))),"")) | E40: =IF($B40="","",IFERROR(IF(INDEX(Students!$D$5:$D$304,MATCH($B40,Students!$A$5:$A$304,0))="","",INDEX(Students!$D$5:$D$304,MATCH($B40,Students!$A$5:$A$304,0))),"")) | F40: =IF($B40="","",IFERROR(IF(INDEX(Students!$G$5:$G$304,MATCH($B40,Students!$A$5:$A$304,0))="","",INDEX(Students!$G$5:$G$304,MATCH($B40,Students!$A$5:$A$304,0))),"")) | G40: =IF($B40="","",IFERROR(IF(INDEX(Students!$H$5:$H$304,MATCH($B40,Students!$A$5:$A$304,0))="","",INDEX(Students!$H$5:$H$304,MATCH($B40,Students!$A$5:$A$304,0))),""))
A41: =IF($B41="","",32) | B41: =IFERROR(INDEX(Students!$A$5:$A$304,MATCH($C$4&"|"&$C$5&"|"&32,Students!$O$5:$O$304,0)),"") | C41: =IF($B41="","",IFERROR(IF(INDEX(Students!$B$5:$B$304,MATCH($B41,Students!$A$5:$A$304,0))="","",INDEX(Students!$B$5:$B$304,MATCH($B41,Students!$A$5:$A$304,0))),"")) | D41: =IF($B41="","",IFERROR(IF(INDEX(Students!$C$5:$C$304,MATCH($B41,Students!$A$5:$A$304,0))="","",INDEX(Students!$C$5:$C$304,MATCH($B41,Students!$A$5:$A$304,0))),"")) | E41: =IF($B41="","",IFERROR(IF(INDEX(Students!$D$5:$D$304,MATCH($B41,Students!$A$5:$A$304,0))="","",INDEX(Students!$D$5:$D$304,MATCH($B41,Students!$A$5:$A$304,0))),"")) | F41: =IF($B41="","",IFERROR(IF(INDEX(Students!$G$5:$G$304,MATCH($B41,Students!$A$5:$A$304,0))="","",INDEX(Students!$G$5:$G$304,MATCH($B41,Students!$A$5:$A$304,0))),"")) | G41: =IF($B41="","",IFERROR(IF(INDEX(Students!$H$5:$H$304,MATCH($B41,Students!$A$5:$A$304,0))="","",INDEX(Students!$H$5:$H$304,MATCH($B41,Students!$A$5:$A$304,0))),""))
A42: =IF($B42="","",33) | B42: =IFERROR(INDEX(Students!$A$5:$A$304,MATCH($C$4&"|"&$C$5&"|"&33,Students!$O$5:$O$304,0)),"") | C42: =IF($B42="","",IFERROR(IF(INDEX(Students!$B$5:$B$304,MATCH($B42,Students!$A$5:$A$304,0))="","",INDEX(Students!$B$5:$B$304,MATCH($B42,Students!$A$5:$A$304,0))),"")) | D42: =IF($B42="","",IFERROR(IF(INDEX(Students!$C$5:$C$304,MATCH($B42,Students!$A$5:$A$304,0))="","",INDEX(Students!$C$5:$C$304,MATCH($B42,Students!$A$5:$A$304,0))),"")) | E42: =IF($B42="","",IFERROR(IF(INDEX(Students!$D$5:$D$304,MATCH($B42,Students!$A$5:$A$304,0))="","",INDEX(Students!$D$5:$D$304,MATCH($B42,Students!$A$5:$A$304,0))),"")) | F42: =IF($B42="","",IFERROR(IF(INDEX(Students!$G$5:$G$304,MATCH($B42,Students!$A$5:$A$304,0))="","",INDEX(Students!$G$5:$G$304,MATCH($B42,Students!$A$5:$A$304,0))),"")) | G42: =IF($B42="","",IFERROR(IF(INDEX(Students!$H$5:$H$304,MATCH($B42,Students!$A$5:$A$304,0))="","",INDEX(Students!$H$5:$H$304,MATCH($B42,Students!$A$5:$A$304,0))),""))
A43: =IF($B43="","",34) | B43: =IFERROR(INDEX(Students!$A$5:$A$304,MATCH($C$4&"|"&$C$5&"|"&34,Students!$O$5:$O$304,0)),"") | C43: =IF($B43="","",IFERROR(IF(INDEX(Students!$B$5:$B$304,MATCH($B43,Students!$A$5:$A$304,0))="","",INDEX(Students!$B$5:$B$304,MATCH($B43,Students!$A$5:$A$304,0))),"")) | D43: =IF($B43="","",IFERROR(IF(INDEX(Students!$C$5:$C$304,MATCH($B43,Students!$A$5:$A$304,0))="","",INDEX(Students!$C$5:$C$304,MATCH($B43,Students!$A$5:$A$304,0))),"")) | E43: =IF($B43="","",IFERROR(IF(INDEX(Students!$D$5:$D$304,MATCH($B43,Students!$A$5:$A$304,0))="","",INDEX(Students!$D$5:$D$304,MATCH($B43,Students!$A$5:$A$304,0))),"")) | F43: =IF($B43="","",IFERROR(IF(INDEX(Students!$G$5:$G$304,MATCH($B43,Students!$A$5:$A$304,0))="","",INDEX(Students!$G$5:$G$304,MATCH($B43,Students!$A$5:$A$304,0))),"")) | G43: =IF($B43="","",IFERROR(IF(INDEX(Students!$H$5:$H$304,MATCH($B43,Students!$A$5:$A$304,0))="","",INDEX(Students!$H$5:$H$304,MATCH($B43,Students!$A$5:$A$304,0))),""))
A44: =IF($B44="","",35) | B44: =IFERROR(INDEX(Students!$A$5:$A$304,MATCH($C$4&"|"&$C$5&"|"&35,Students!$O$5:$O$304,0)),"") | C44: =IF($B44="","",IFERROR(IF(INDEX(Students!$B$5:$B$304,MATCH($B44,Students!$A$5:$A$304,0))="","",INDEX(Students!$B$5:$B$304,MATCH($B44,Students!$A$5:$A$304,0))),"")) | D44: =IF($B44="","",IFERROR(IF(INDEX(Students!$C$5:$C$304,MATCH($B44,Students!$A$5:$A$304,0))="","",INDEX(Students!$C$5:$C$304,MATCH($B44,Students!$A$5:$A$304,0))),"")) | E44: =IF($B44="","",IFERROR(IF(INDEX(Students!$D$5:$D$304,MATCH($B44,Students!$A$5:$A$304,0))="","",INDEX(Students!$D$5:$D$304,MATCH($B44,Students!$A$5:$A$304,0))),"")) | F44: =IF($B44="","",IFERROR(IF(INDEX(Students!$G$5:$G$304,MATCH($B44,Students!$A$5:$A$304,0))="","",INDEX(Students!$G$5:$G$304,MATCH($B44,Students!$A$5:$A$304,0))),"")) | G44: =IF($B44="","",IFERROR(IF(INDEX(Students!$H$5:$H$304,MATCH($B44,Students!$A$5:$A$304,0))="","",INDEX(Students!$H$5:$H$304,MATCH($B44,Students!$A$5:$A$304,0))),""))
A45: =IF($B45="","",36) | B45: =IFERROR(INDEX(Students!$A$5:$A$304,MATCH($C$4&"|"&$C$5&"|"&36,Students!$O$5:$O$304,0)),"") | C45: =IF($B45="","",IFERROR(IF(INDEX(Students!$B$5:$B$304,MATCH($B45,Students!$A$5:$A$304,0))="","",INDEX(Students!$B$5:$B$304,MATCH($B45,Students!$A$5:$A$304,0))),"")) | D45: =IF($B45="","",IFERROR(IF(INDEX(Students!$C$5:$C$304,MATCH($B45,Students!$A$5:$A$304,0))="","",INDEX(Students!$C$5:$C$304,MATCH($B45,Students!$A$5:$A$304,0))),"")) | E45: =IF($B45="","",IFERROR(IF(INDEX(Students!$D$5:$D$304,MATCH($B45,Students!$A$5:$A$304,0))="","",INDEX(Students!$D$5:$D$304,MATCH($B45,Students!$A$5:$A$304,0))),"")) | F45: =IF($B45="","",IFERROR(IF(INDEX(Students!$G$5:$G$304,MATCH($B45,Students!$A$5:$A$304,0))="","",INDEX(Students!$G$5:$G$304,MATCH($B45,Students!$A$5:$A$304,0))),"")) | G45: =IF($B45="","",IFERROR(IF(INDEX(Students!$H$5:$H$304,MATCH($B45,Students!$A$5:$A$304,0))="","",INDEX(Students!$H$5:$H$304,MATCH($B45,Students!$A$5:$A$304,0))),""))
A46: =IF($B46="","",37) | B46: =IFERROR(INDEX(Students!$A$5:$A$304,MATCH($C$4&"|"&$C$5&"|"&37,Students!$O$5:$O$304,0)),"") | C46: =IF($B46="","",IFERROR(IF(INDEX(Students!$B$5:$B$304,MATCH($B46,Students!$A$5:$A$304,0))="","",INDEX(Students!$B$5:$B$304,MATCH($B46,Students!$A$5:$A$304,0))),"")) | D46: =IF($B46="","",IFERROR(IF(INDEX(Students!$C$5:$C$304,MATCH($B46,Students!$A$5:$A$304,0))="","",INDEX(Students!$C$5:$C$304,MATCH($B46,Students!$A$5:$A$304,0))),"")) | E46: =IF($B46="","",IFERROR(IF(INDEX(Students!$D$5:$D$304,MATCH($B46,Students!$A$5:$A$304,0))="","",INDEX(Students!$D$5:$D$304,MATCH($B46,Students!$A$5:$A$304,0))),"")) | F46: =IF($B46="","",IFERROR(IF(INDEX(Students!$G$5:$G$304,MATCH($B46,Students!$A$5:$A$304,0))="","",INDEX(Students!$G$5:$G$304,MATCH($B46,Students!$A$5:$A$304,0))),"")) | G46: =IF($B46="","",IFERROR(IF(INDEX(Students!$H$5:$H$304,MATCH($B46,Students!$A$5:$A$304,0))="","",INDEX(Students!$H$5:$H$304,MATCH($B46,Students!$A$5:$A$304,0))),""))
A47: =IF($B47="","",38) | B47: =IFERROR(INDEX(Students!$A$5:$A$304,MATCH($C$4&"|"&$C$5&"|"&38,Students!$O$5:$O$304,0)),"") | C47: =IF($B47="","",IFERROR(IF(INDEX(Students!$B$5:$B$304,MATCH($B47,Students!$A$5:$A$304,0))="","",INDEX(Students!$B$5:$B$304,MATCH($B47,Students!$A$5:$A$304,0))),"")) | D47: =IF($B47="","",IFERROR(IF(INDEX(Students!$C$5:$C$304,MATCH($B47,Students!$A$5:$A$304,0))="","",INDEX(Students!$C$5:$C$304,MATCH($B47,Students!$A$5:$A$304,0))),"")) | E47: =IF($B47="","",IFERROR(IF(INDEX(Students!$D$5:$D$304,MATCH($B47,Students!$A$5:$A$304,0))="","",INDEX(Students!$D$5:$D$304,MATCH($B47,Students!$A$5:$A$304,0))),"")) | F47: =IF($B47="","",IFERROR(IF(INDEX(Students!$G$5:$G$304,MATCH($B47,Students!$A$5:$A$304,0))="","",INDEX(Students!$G$5:$G$304,MATCH($B47,Students!$A$5:$A$304,0))),"")) | G47: =IF($B47="","",IFERROR(IF(INDEX(Students!$H$5:$H$304,MATCH($B47,Students!$A$5:$A$304,0))="","",INDEX(Students!$H$5:$H$304,MATCH($B47,Students!$A$5:$A$304,0))),""))
A48: =IF($B48="","",39) | B48: =IFERROR(INDEX(Students!$A$5:$A$304,MATCH($C$4&"|"&$C$5&"|"&39,Students!$O$5:$O$304,0)),"") | C48: =IF($B48="","",IFERROR(IF(INDEX(Students!$B$5:$B$304,MATCH($B48,Students!$A$5:$A$304,0))="","",INDEX(Students!$B$5:$B$304,MATCH($B48,Students!$A$5:$A$304,0))),"")) | D48: =IF($B48="","",IFERROR(IF(INDEX(Students!$C$5:$C$304,MATCH($B48,Students!$A$5:$A$304,0))="","",INDEX(Students!$C$5:$C$304,MATCH($B48,Students!$A$5:$A$304,0))),"")) | E48: =IF($B48="","",IFERROR(IF(INDEX(Students!$D$5:$D$304,MATCH($B48,Students!$A$5:$A$304,0))="","",INDEX(Students!$D$5:$D$304,MATCH($B48,Students!$A$5:$A$304,0))),"")) | F48: =IF($B48="","",IFERROR(IF(INDEX(Students!$G$5:$G$304,MATCH($B48,Students!$A$5:$A$304,0))="","",INDEX(Students!$G$5:$G$304,MATCH($B48,Students!$A$5:$A$304,0))),"")) | G48: =IF($B48="","",IFERROR(IF(INDEX(Students!$H$5:$H$304,MATCH($B48,Students!$A$5:$A$304,0))="","",INDEX(Students!$H$5:$H$304,MATCH($B48,Students!$A$5:$A$304,0))),""))
A49: =IF($B49="","",40) | B49: =IFERROR(INDEX(Students!$A$5:$A$304,MATCH($C$4&"|"&$C$5&"|"&40,Students!$O$5:$O$304,0)),"") | C49: =IF($B49="","",IFERROR(IF(INDEX(Students!$B$5:$B$304,MATCH($B49,Students!$A$5:$A$304,0))="","",INDEX(Students!$B$5:$B$304,MATCH($B49,Students!$A$5:$A$304,0))),"")) | D49: =IF($B49="","",IFERROR(IF(INDEX(Students!$C$5:$C$304,MATCH($B49,Students!$A$5:$A$304,0))="","",INDEX(Students!$C$5:$C$304,MATCH($B49,Students!$A$5:$A$304,0))),"")) | E49: =IF($B49="","",IFERROR(IF(INDEX(Students!$D$5:$D$304,MATCH($B49,Students!$A$5:$A$304,0))="","",INDEX(Students!$D$5:$D$304,MATCH($B49,Students!$A$5:$A$304,0))),"")) | F49: =IF($B49="","",IFERROR(IF(INDEX(Students!$G$5:$G$304,MATCH($B49,Students!$A$5:$A$304,0))="","",INDEX(Students!$G$5:$G$304,MATCH($B49,Students!$A$5:$A$304,0))),"")) | G49: =IF($B49="","",IFERROR(IF(INDEX(Students!$H$5:$H$304,MATCH($B49,Students!$A$5:$A$304,0))="","",INDEX(Students!$H$5:$H$304,MATCH($B49,Students!$A$5:$A$304,0))),""))

Sheet Class Attendance
A1: Class Attendance
A2: Pick School ID, Class, Term and the register date. Type P, A or L in the Mark column, then Save Attendance. The grid shows the last 20 school days for this class only.
A4: SCHOOL ID | C4: SCH01 | D4: =IF($C$4="","",IFERROR(INDEX(Schools!$B$5:$B$304,MATCH($C$4,Schools!$A$5:$A$304,0)),"School not found")) -> Example Primary School | N4: SAVE ATTENDANCE | AE4: Term start | AF4: =IF(OR($C$6="",$C$6="All terms"),0,IFERROR(IF(INDEX(Settings!$B$36:$B$38,MATCH($C$6,Settings!$A$36:$A$38,0))="",0,INDEX(Settings!$B$36:$B$38,MATCH($C$6,Settings!$A$36:$A$38,0))),0)) -> 0
A5: CLASS | C5: Class 4 | D5: =IF($C$5="","",COUNTIFS(Students!$E$5:$E$304,$C$4,Students!$F$5:$F$304,$C$5,Students!$K$5:$K$304,"Active")&" active students | Class attendance rate: "&IF(SUM($AB$10:$AB$49)=0,"-",TEXT((SUM($Y$10:$Y$49)+SUM($AA$10:$AA$49))/SUM($AB$10:$AB$49),"0%"))) -> 1 active students | Class attendance rate: 100% | N5: EMAIL ATTENDANCE TO GUARDIANS | AE5: Term end | AF5: =IF(OR($C$6="",$C$6="All terms"),99999,IFERROR(IF(INDEX(Settings!$C$36:$C$38,MATCH($C$6,Settings!$A$36:$A$38,0))="",99999,INDEX(Settings!$C$36:$C$38,MATCH($C$6,Settings!$A$36:$A$38,0))),99999)) -> 99999
A6: TERM | C6: Term 1 | D6: =IF($C$6="","",IF($AF$4=0," Counting every recorded date"," Counting "&TEXT($AF$4,"dd/mm/yyyy")&" to "&IF($AF$5>=99999,"today",TEXT($AF$5,"dd/mm/yyyy")))) -> Counting every recorded date | N6: EMAIL REGISTER TO CLASS TEACHER
A7: REGISTER DATE | C7: 46296 | D7: =IF($C$7="","",TEXT($C$7,"dddd d mmmm yyyy")) -> Thursday 1 October 2026 | N7: Buttons: School System > Email Reports > Run setup
E8: =IF(E9="","",TEXT(E9,"ddd")) -> Fri | F8: =IF(F9="","",TEXT(F9,"ddd")) -> Mon | G8: =IF(G9="","",TEXT(G9,"ddd")) -> Tue | H8: =IF(H9="","",TEXT(H9,"ddd")) -> Wed | I8: =IF(I9="","",TEXT(I9,"ddd")) -> Thu | J8: =IF(J9="","",TEXT(J9,"ddd")) -> Fri | K8: =IF(K9="","",TEXT(K9,"ddd")) -> Mon | L8: =IF(L9="","",TEXT(L9,"ddd")) -> Tue | ... X8: =IF(X9="","",TEXT(X9,"ddd")) -> Thu
A9: No. | B9: Student ID | C9: Student Name | D9: ="Mark "&TEXT($C$7,"dd/mm") -> Mark 01/10 | E9: =WORKDAY($C$7,-19) -> 46269 | F9: =WORKDAY(E9,1) -> 46272 | G9: =WORKDAY(F9,1) -> 46273 | H9: =WORKDAY(G9,1) -> 46274 | I9: =WORKDAY(H9,1) -> 46275 | J9: =WORKDAY(I9,1) -> 46276 | K9: =WORKDAY(J9,1) -> 46279 | L9: =WORKDAY(K9,1) -> 46280 | M9: =WORKDAY(L9,1) -> 46281 | ... X9: =WORKDAY(W9,1) -> 46296 | Y9: Present | Z9: Absent | AA9: Late | AB9: Days | AC9: Rate
A10: =IF($B10="","",1) -> 1 | B10: =IFERROR(INDEX(Students!$A$5:$A$304,MATCH($C$4&"|"&$C$5&"|"&1,Students!$O$5:$O$304,0)),"") -> S0001 | C10: =IF($B10="","",INDEX(Students!$B$5:$B$304,MATCH($B10,Students!$A$5:$A$304,0))) -> Aminata Conteh | E10: =IF($B10="","",IF(COUNTIFS(Attendance!$B$5:$B$304,$B10,Attendance!$A$5:$A$304,E$9,Attendance!$F$5:$F$304,"P")>0,"P",IF(COUNTIFS(Attendance!$B$5:$B$304,$B10,Attendance!$A$5:$A$304,E$9,Attendance!$F$5:$F$304,"A")>0,"A",IF(COUNTIFS(Attendance!$B$5:$B$304,$B10,Attendance!$A$5:$A$304,E$9,Attendance!$F$5:$F$304,"L")>0,"L","")))) | F10: =IF($B10="","",IF(COUNTIFS(Attendance!$B$5:$B$304,$B10,Attendance!$A$5:$A$304,F$9,Attendance!$F$5:$F$304,"P")>0,"P",IF(COUNTIFS(Attendance!$B$5:$B$304,$B10,Attendance!$A$5:$A$304,F$9,Attendance!$F$5:$F$304,"A")>0,"A",IF(COUNTIFS(Attendance!$B$5:$B$304,$B10,Attendance!$A$5:$A$304,F$9,Attendance!$F$5:$F$304,"L")>0,"L","")))) | G10: =IF($B10="","",IF(COUNTIFS(Attendance!$B$5:$B$304,$B10,Attendance!$A$5:$A$304,G$9,Attendance!$F$5:$F$304,"P")>0,"P",IF(COUNTIFS(Attendance!$B$5:$B$304,$B10,Attendance!$A$5:$A$304,G$9,Attendance!$F$5:$F$304,"A")>0,"A",IF(COUNTIFS(Attendance!$B$5:$B$304,$B10,Attendance!$A$5:$A$304,G$9,Attendance!$F$5:$F$304,"L")>0,"L","")))) | H10: =IF($B10="","",IF(COUNTIFS(Attendance!$B$5:$B$304,$B10,Attendance!$A$5:$A$304,H$9,Attendance!$F$5:$F$304,"P")>0,"P",IF(COUNTIFS(Attendance!$B$5:$B$304,$B10,Attendance!$A$5:$A$304,H$9,Attendance!$F$5:$F$304,"A")>0,"A",IF(COUNTIFS(Attendance!$B$5:$B$304,$B10,Attendance!$A$5:$A$304,H$9,Attendance!$F$5:$F$304,"L")>0,"L","")))) | I10: =IF($B10="","",IF(COUNTIFS(Attendance!$B$5:$B$304,$B10,Attendance!$A$5:$A$304,I$9,Attendance!$F$5:$F$304,"P")>0,"P",IF(COUNTIFS(Attendance!$B$5:$B$304,$B10,Attendance!$A$5:$A$304,I$9,Attendance!$F$5:$F$304,"A")>0,"A",IF(COUNTIFS(Attendance!$B$5:$B$304,$B10,Attendance!$A$5:$A$304,I$9,Attendance!$F$5:$F$304,"L")>0,"L","")))) | J10: =IF($B10="","",IF(COUNTIFS(Attendance!$B$5:$B$304,$B10,Attendance!$A$5:$A$304,J$9,Attendance!$F$5:$F$304,"P")>0,"P",IF(COUNTIFS(Attendance!$B$5:$B$304,$B10,Attendance!$A$5:$A$304,J$9,Attendance!$F$5:$F$304,"A")>0,"A",IF(COUNTIFS(Attendance!$B$5:$B$304,$B10,Attendance!$A$5:$A$304,J$9,Attendance!$F$5:$F$304,"L")>0,"L","")))) | K10: =IF($B10="","",IF(COUNTIFS(Attendance!$B$5:$B$304,$B10,Attendance!$A$5:$A$304,K$9,Attendance!$F$5:$F$304,"P")>0,"P",IF(COUNTIFS(Attendance!$B$5:$B$304,$B10,Attendance!$A$5:$A$304,K$9,Attendance!$F$5:$F$304,"A")>0,"A",IF(COUNTIFS(Attendance!$B$5:$B$304,$B10,Attendance!$A$5:$A$304,K$9,Attendance!$F$5:$F$304,"L")>0,"L","")))) | L10: =IF($B10="","",IF(COUNTIFS(Attendance!$B$5:$B$304,$B10,Attendance!$A$5:$A$304,L$9,Attendance!$F$5:$F$304,"P")>0,"P",IF(COUNTIFS(Attendance!$B$5:$B$304,$B10,Attendance!$A$5:$A$304,L$9,Attendance!$F$5:$F$304,"A")>0,"A",IF(COUNTIFS(Attendance!$B$5:$B$304,$B10,Attendance!$A$5:$A$304,L$9,Attendance!$F$5:$F$304,"L")>0,"L","")))) | ... X10: =IF($B10="","",IF(COUNTIFS(Attendance!$B$5:$B$304,$B10,Attendance!$A$5:$A$304,X$9,Attendance!$F$5:$F$304,"P")>0,"P",IF(COUNTIFS(Attendance!$B$5:$B$304,$B10,Attendance!$A$5:$A$304,X$9,Attendance!$F$5:$F$304,"A")>0,"A",IF(COUNTIFS(Attendance!$B$5:$B$304,$B10,Attendance!$A$5:$A$304,X$9,Attendance!$F$5:$F$304,"L")>0,"L","")))) -> P | Y10: =IF($B10="","",COUNTIFS(Attendance!$B$5:$B$304,$B10,Attendance!$F$5:$F$304,"P",Attendance!$A$5:$A$304,">="&$AF$4,Attendance!$A$5:$A$304,"<="&$AF$5)) -> 1 | Z10: =IF($B10="","",COUNTIFS(Attendance!$B$5:$B$304,$B10,Attendance!$F$5:$F$304,"A",Attendance!$A$5:$A$304,">="&$AF$4,Attendance!$A$5:$A$304,"<="&$AF$5)) -> 0 | AA10: =IF($B10="","",COUNTIFS(Attendance!$B$5:$B$304,$B10,Attendance!$F$5:$F$304,"L",Attendance!$A$5:$A$304,">="&$AF$4,Attendance!$A$5:$A$304,"<="&$AF$5)) -> 0 | AB10: =IF($B10="","",SUM(Y10:AA10)) -> 1 | AC10: =IF($B10="","",IF(AB10=0,"-",(Y10+AA10)/AB10)) -> 1
A11: =IF($B11="","",2) | B11: =IFERROR(INDEX(Students!$A$5:$A$304,MATCH($C$4&"|"&$C$5&"|"&2,Students!$O$5:$O$304,0)),"") | C11: =IF($B11="","",INDEX(Students!$B$5:$B$304,MATCH($B11,Students!$A$5:$A$304,0))) | E11: =IF($B11="","",IF(COUNTIFS(Attendance!$B$5:$B$304,$B11,Attendance!$A$5:$A$304,E$9,Attendance!$F$5:$F$304,"P")>0,"P",IF(COUNTIFS(Attendance!$B$5:$B$304,$B11,Attendance!$A$5:$A$304,E$9,Attendance!$F$5:$F$304,"A")>0,"A",IF(COUNTIFS(Attendance!$B$5:$B$304,$B11,Attendance!$A$5:$A$304,E$9,Attendance!$F$5:$F$304,"L")>0,"L","")))) | F11: =IF($B11="","",IF(COUNTIFS(Attendance!$B$5:$B$304,$B11,Attendance!$A$5:$A$304,F$9,Attendance!$F$5:$F$304,"P")>0,"P",IF(COUNTIFS(Attendance!$B$5:$B$304,$B11,Attendance!$A$5:$A$304,F$9,Attendance!$F$5:$F$304,"A")>0,"A",IF(COUNTIFS(Attendance!$B$5:$B$304,$B11,Attendance!$A$5:$A$304,F$9,Attendance!$F$5:$F$304,"L")>0,"L","")))) | G11: =IF($B11="","",IF(COUNTIFS(Attendance!$B$5:$B$304,$B11,Attendance!$A$5:$A$304,G$9,Attendance!$F$5:$F$304,"P")>0,"P",IF(COUNTIFS(Attendance!$B$5:$B$304,$B11,Attendance!$A$5:$A$304,G$9,Attendance!$F$5:$F$304,"A")>0,"A",IF(COUNTIFS(Attendance!$B$5:$B$304,$B11,Attendance!$A$5:$A$304,G$9,Attendance!$F$5:$F$304,"L")>0,"L","")))) | H11: =IF($B11="","",IF(COUNTIFS(Attendance!$B$5:$B$304,$B11,Attendance!$A$5:$A$304,H$9,Attendance!$F$5:$F$304,"P")>0,"P",IF(COUNTIFS(Attendance!$B$5:$B$304,$B11,Attendance!$A$5:$A$304,H$9,Attendance!$F$5:$F$304,"A")>0,"A",IF(COUNTIFS(Attendance!$B$5:$B$304,$B11,Attendance!$A$5:$A$304,H$9,Attendance!$F$5:$F$304,"L")>0,"L","")))) | I11: =IF($B11="","",IF(COUNTIFS(Attendance!$B$5:$B$304,$B11,Attendance!$A$5:$A$304,I$9,Attendance!$F$5:$F$304,"P")>0,"P",IF(COUNTIFS(Attendance!$B$5:$B$304,$B11,Attendance!$A$5:$A$304,I$9,Attendance!$F$5:$F$304,"A")>0,"A",IF(COUNTIFS(Attendance!$B$5:$B$304,$B11,Attendance!$A$5:$A$304,I$9,Attendance!$F$5:$F$304,"L")>0,"L","")))) | J11: =IF($B11="","",IF(COUNTIFS(Attendance!$B$5:$B$304,$B11,Attendance!$A$5:$A$304,J$9,Attendance!$F$5:$F$304,"P")>0,"P",IF(COUNTIFS(Attendance!$B$5:$B$304,$B11,Attendance!$A$5:$A$304,J$9,Attendance!$F$5:$F$304,"A")>0,"A",IF(COUNTIFS(Attendance!$B$5:$B$304,$B11,Attendance!$A$5:$A$304,J$9,Attendance!$F$5:$F$304,"L")>0,"L","")))) | K11: =IF($B11="","",IF(COUNTIFS(Attendance!$B$5:$B$304,$B11,Attendance!$A$5:$A$304,K$9,Attendance!$F$5:$F$304,"P")>0,"P",IF(COUNTIFS(Attendance!$B$5:$B$304,$B11,Attendance!$A$5:$A$304,K$9,Attendance!$F$5:$F$304,"A")>0,"A",IF(COUNTIFS(Attendance!$B$5:$B$304,$B11,Attendance!$A$5:$A$304,K$9,Attendance!$F$5:$F$304,"L")>0,"L","")))) | L11: =IF($B11="","",IF(COUNTIFS(Attendance!$B$5:$B$304,$B11,Attendance!$A$5:$A$304,L$9,Attendance!$F$5:$F$304,"P")>0,"P",IF(COUNTIFS(Attendance!$B$5:$B$304,$B11,Attendance!$A$5:$A$304,L$9,Attendance!$F$5:$F$304,"A")>0,"A",IF(COUNTIFS(Attendance!$B$5:$B$304,$B11,Attendance!$A$5:$A$304,L$9,Attendance!$F$5:$F$304,"L")>0,"L","")))) | ... X11: =IF($B11="","",IF(COUNTIFS(Attendance!$B$5:$B$304,$B11,Attendance!$A$5:$A$304,X$9,Attendance!$F$5:$F$304,"P")>0,"P",IF(COUNTIFS(Attendance!$B$5:$B$304,$B11,Attendance!$A$5:$A$304,X$9,Attendance!$F$5:$F$304,"A")>0,"A",IF(COUNTIFS(Attendance!$B$5:$B$304,$B11,Attendance!$A$5:$A$304,X$9,Attendance!$F$5:$F$304,"L")>0,"L","")))) | Y11: =IF($B11="","",COUNTIFS(Attendance!$B$5:$B$304,$B11,Attendance!$F$5:$F$304,"P",Attendance!$A$5:$A$304,">="&$AF$4,Attendance!$A$5:$A$304,"<="&$AF$5)) | Z11: =IF($B11="","",COUNTIFS(Attendance!$B$5:$B$304,$B11,Attendance!$F$5:$F$304,"A",Attendance!$A$5:$A$304,">="&$AF$4,Attendance!$A$5:$A$304,"<="&$AF$5)) | AA11: =IF($B11="","",COUNTIFS(Attendance!$B$5:$B$304,$B11,Attendance!$F$5:$F$304,"L",Attendance!$A$5:$A$304,">="&$AF$4,Attendance!$A$5:$A$304,"<="&$AF$5)) | AB11: =IF($B11="","",SUM(Y11:AA11)) | AC11: =IF($B11="","",IF(AB11=0,"-",(Y11+AA11)/AB11))
A12: =IF($B12="","",3) | B12: =IFERROR(INDEX(Students!$A$5:$A$304,MATCH($C$4&"|"&$C$5&"|"&3,Students!$O$5:$O$304,0)),"") | C12: =IF($B12="","",INDEX(Students!$B$5:$B$304,MATCH($B12,Students!$A$5:$A$304,0))) | E12: =IF($B12="","",IF(COUNTIFS(Attendance!$B$5:$B$304,$B12,Attendance!$A$5:$A$304,E$9,Attendance!$F$5:$F$304,"P")>0,"P",IF(COUNTIFS(Attendance!$B$5:$B$304,$B12,Attendance!$A$5:$A$304,E$9,Attendance!$F$5:$F$304,"A")>0,"A",IF(COUNTIFS(Attendance!$B$5:$B$304,$B12,Attendance!$A$5:$A$304,E$9,Attendance!$F$5:$F$304,"L")>0,"L","")))) | F12: =IF($B12="","",IF(COUNTIFS(Attendance!$B$5:$B$304,$B12,Attendance!$A$5:$A$304,F$9,Attendance!$F$5:$F$304,"P")>0,"P",IF(COUNTIFS(Attendance!$B$5:$B$304,$B12,Attendance!$A$5:$A$304,F$9,Attendance!$F$5:$F$304,"A")>0,"A",IF(COUNTIFS(Attendance!$B$5:$B$304,$B12,Attendance!$A$5:$A$304,F$9,Attendance!$F$5:$F$304,"L")>0,"L","")))) | G12: =IF($B12="","",IF(COUNTIFS(Attendance!$B$5:$B$304,$B12,Attendance!$A$5:$A$304,G$9,Attendance!$F$5:$F$304,"P")>0,"P",IF(COUNTIFS(Attendance!$B$5:$B$304,$B12,Attendance!$A$5:$A$304,G$9,Attendance!$F$5:$F$304,"A")>0,"A",IF(COUNTIFS(Attendance!$B$5:$B$304,$B12,Attendance!$A$5:$A$304,G$9,Attendance!$F$5:$F$304,"L")>0,"L","")))) | H12: =IF($B12="","",IF(COUNTIFS(Attendance!$B$5:$B$304,$B12,Attendance!$A$5:$A$304,H$9,Attendance!$F$5:$F$304,"P")>0,"P",IF(COUNTIFS(Attendance!$B$5:$B$304,$B12,Attendance!$A$5:$A$304,H$9,Attendance!$F$5:$F$304,"A")>0,"A",IF(COUNTIFS(Attendance!$B$5:$B$304,$B12,Attendance!$A$5:$A$304,H$9,Attendance!$F$5:$F$304,"L")>0,"L","")))) | I12: =IF($B12="","",IF(COUNTIFS(Attendance!$B$5:$B$304,$B12,Attendance!$A$5:$A$304,I$9,Attendance!$F$5:$F$304,"P")>0,"P",IF(COUNTIFS(Attendance!$B$5:$B$304,$B12,Attendance!$A$5:$A$304,I$9,Attendance!$F$5:$F$304,"A")>0,"A",IF(COUNTIFS(Attendance!$B$5:$B$304,$B12,Attendance!$A$5:$A$304,I$9,Attendance!$F$5:$F$304,"L")>0,"L","")))) | J12: =IF($B12="","",IF(COUNTIFS(Attendance!$B$5:$B$304,$B12,Attendance!$A$5:$A$304,J$9,Attendance!$F$5:$F$304,"P")>0,"P",IF(COUNTIFS(Attendance!$B$5:$B$304,$B12,Attendance!$A$5:$A$304,J$9,Attendance!$F$5:$F$304,"A")>0,"A",IF(COUNTIFS(Attendance!$B$5:$B$304,$B12,Attendance!$A$5:$A$304,J$9,Attendance!$F$5:$F$304,"L")>0,"L","")))) | K12: =IF($B12="","",IF(COUNTIFS(Attendance!$B$5:$B$304,$B12,Attendance!$A$5:$A$304,K$9,Attendance!$F$5:$F$304,"P")>0,"P",IF(COUNTIFS(Attendance!$B$5:$B$304,$B12,Attendance!$A$5:$A$304,K$9,Attendance!$F$5:$F$304,"A")>0,"A",IF(COUNTIFS(Attendance!$B$5:$B$304,$B12,Attendance!$A$5:$A$304,K$9,Attendance!$F$5:$F$304,"L")>0,"L","")))) | L12: =IF($B12="","",IF(COUNTIFS(Attendance!$B$5:$B$304,$B12,Attendance!$A$5:$A$304,L$9,Attendance!$F$5:$F$304,"P")>0,"P",IF(COUNTIFS(Attendance!$B$5:$B$304,$B12,Attendance!$A$5:$A$304,L$9,Attendance!$F$5:$F$304,"A")>0,"A",IF(COUNTIFS(Attendance!$B$5:$B$304,$B12,Attendance!$A$5:$A$304,L$9,Attendance!$F$5:$F$304,"L")>0,"L","")))) | ... X12: =IF($B12="","",IF(COUNTIFS(Attendance!$B$5:$B$304,$B12,Attendance!$A$5:$A$304,X$9,Attendance!$F$5:$F$304,"P")>0,"P",IF(COUNTIFS(Attendance!$B$5:$B$304,$B12,Attendance!$A$5:$A$304,X$9,Attendance!$F$5:$F$304,"A")>0,"A",IF(COUNTIFS(Attendance!$B$5:$B$304,$B12,Attendance!$A$5:$A$304,X$9,Attendance!$F$5:$F$304,"L")>0,"L","")))) | Y12: =IF($B12="","",COUNTIFS(Attendance!$B$5:$B$304,$B12,Attendance!$F$5:$F$304,"P",Attendance!$A$5:$A$304,">="&$AF$4,Attendance!$A$5:$A$304,"<="&$AF$5)) | Z12: =IF($B12="","",COUNTIFS(Attendance!$B$5:$B$304,$B12,Attendance!$F$5:$F$304,"A",Attendance!$A$5:$A$304,">="&$AF$4,Attendance!$A$5:$A$304,"<="&$AF$5)) | AA12: =IF($B12="","",COUNTIFS(Attendance!$B$5:$B$304,$B12,Attendance!$F$5:$F$304,"L",Attendance!$A$5:$A$304,">="&$AF$4,Attendance!$A$5:$A$304,"<="&$AF$5)) | AB12: =IF($B12="","",SUM(Y12:AA12)) | AC12: =IF($B12="","",IF(AB12=0,"-",(Y12+AA12)/AB12))
A13: =IF($B13="","",4) | B13: =IFERROR(INDEX(Students!$A$5:$A$304,MATCH($C$4&"|"&$C$5&"|"&4,Students!$O$5:$O$304,0)),"") | C13: =IF($B13="","",INDEX(Students!$B$5:$B$304,MATCH($B13,Students!$A$5:$A$304,0))) | E13: =IF($B13="","",IF(COUNTIFS(Attendance!$B$5:$B$304,$B13,Attendance!$A$5:$A$304,E$9,Attendance!$F$5:$F$304,"P")>0,"P",IF(COUNTIFS(Attendance!$B$5:$B$304,$B13,Attendance!$A$5:$A$304,E$9,Attendance!$F$5:$F$304,"A")>0,"A",IF(COUNTIFS(Attendance!$B$5:$B$304,$B13,Attendance!$A$5:$A$304,E$9,Attendance!$F$5:$F$304,"L")>0,"L","")))) | F13: =IF($B13="","",IF(COUNTIFS(Attendance!$B$5:$B$304,$B13,Attendance!$A$5:$A$304,F$9,Attendance!$F$5:$F$304,"P")>0,"P",IF(COUNTIFS(Attendance!$B$5:$B$304,$B13,Attendance!$A$5:$A$304,F$9,Attendance!$F$5:$F$304,"A")>0,"A",IF(COUNTIFS(Attendance!$B$5:$B$304,$B13,Attendance!$A$5:$A$304,F$9,Attendance!$F$5:$F$304,"L")>0,"L","")))) | G13: =IF($B13="","",IF(COUNTIFS(Attendance!$B$5:$B$304,$B13,Attendance!$A$5:$A$304,G$9,Attendance!$F$5:$F$304,"P")>0,"P",IF(COUNTIFS(Attendance!$B$5:$B$304,$B13,Attendance!$A$5:$A$304,G$9,Attendance!$F$5:$F$304,"A")>0,"A",IF(COUNTIFS(Attendance!$B$5:$B$304,$B13,Attendance!$A$5:$A$304,G$9,Attendance!$F$5:$F$304,"L")>0,"L","")))) | H13: =IF($B13="","",IF(COUNTIFS(Attendance!$B$5:$B$304,$B13,Attendance!$A$5:$A$304,H$9,Attendance!$F$5:$F$304,"P")>0,"P",IF(COUNTIFS(Attendance!$B$5:$B$304,$B13,Attendance!$A$5:$A$304,H$9,Attendance!$F$5:$F$304,"A")>0,"A",IF(COUNTIFS(Attendance!$B$5:$B$304,$B13,Attendance!$A$5:$A$304,H$9,Attendance!$F$5:$F$304,"L")>0,"L","")))) | I13: =IF($B13="","",IF(COUNTIFS(Attendance!$B$5:$B$304,$B13,Attendance!$A$5:$A$304,I$9,Attendance!$F$5:$F$304,"P")>0,"P",IF(COUNTIFS(Attendance!$B$5:$B$304,$B13,Attendance!$A$5:$A$304,I$9,Attendance!$F$5:$F$304,"A")>0,"A",IF(COUNTIFS(Attendance!$B$5:$B$304,$B13,Attendance!$A$5:$A$304,I$9,Attendance!$F$5:$F$304,"L")>0,"L","")))) | J13: =IF($B13="","",IF(COUNTIFS(Attendance!$B$5:$B$304,$B13,Attendance!$A$5:$A$304,J$9,Attendance!$F$5:$F$304,"P")>0,"P",IF(COUNTIFS(Attendance!$B$5:$B$304,$B13,Attendance!$A$5:$A$304,J$9,Attendance!$F$5:$F$304,"A")>0,"A",IF(COUNTIFS(Attendance!$B$5:$B$304,$B13,Attendance!$A$5:$A$304,J$9,Attendance!$F$5:$F$304,"L")>0,"L","")))) | K13: =IF($B13="","",IF(COUNTIFS(Attendance!$B$5:$B$304,$B13,Attendance!$A$5:$A$304,K$9,Attendance!$F$5:$F$304,"P")>0,"P",IF(COUNTIFS(Attendance!$B$5:$B$304,$B13,Attendance!$A$5:$A$304,K$9,Attendance!$F$5:$F$304,"A")>0,"A",IF(COUNTIFS(Attendance!$B$5:$B$304,$B13,Attendance!$A$5:$A$304,K$9,Attendance!$F$5:$F$304,"L")>0,"L","")))) | L13: =IF($B13="","",IF(COUNTIFS(Attendance!$B$5:$B$304,$B13,Attendance!$A$5:$A$304,L$9,Attendance!$F$5:$F$304,"P")>0,"P",IF(COUNTIFS(Attendance!$B$5:$B$304,$B13,Attendance!$A$5:$A$304,L$9,Attendance!$F$5:$F$304,"A")>0,"A",IF(COUNTIFS(Attendance!$B$5:$B$304,$B13,Attendance!$A$5:$A$304,L$9,Attendance!$F$5:$F$304,"L")>0,"L","")))) | ... X13: =IF($B13="","",IF(COUNTIFS(Attendance!$B$5:$B$304,$B13,Attendance!$A$5:$A$304,X$9,Attendance!$F$5:$F$304,"P")>0,"P",IF(COUNTIFS(Attendance!$B$5:$B$304,$B13,Attendance!$A$5:$A$304,X$9,Attendance!$F$5:$F$304,"A")>0,"A",IF(COUNTIFS(Attendance!$B$5:$B$304,$B13,Attendance!$A$5:$A$304,X$9,Attendance!$F$5:$F$304,"L")>0,"L","")))) | Y13: =IF($B13="","",COUNTIFS(Attendance!$B$5:$B$304,$B13,Attendance!$F$5:$F$304,"P",Attendance!$A$5:$A$304,">="&$AF$4,Attendance!$A$5:$A$304,"<="&$AF$5)) | Z13: =IF($B13="","",COUNTIFS(Attendance!$B$5:$B$304,$B13,Attendance!$F$5:$F$304,"A",Attendance!$A$5:$A$304,">="&$AF$4,Attendance!$A$5:$A$304,"<="&$AF$5)) | AA13: =IF($B13="","",COUNTIFS(Attendance!$B$5:$B$304,$B13,Attendance!$F$5:$F$304,"L",Attendance!$A$5:$A$304,">="&$AF$4,Attendance!$A$5:$A$304,"<="&$AF$5)) | AB13: =IF($B13="","",SUM(Y13:AA13)) | AC13: =IF($B13="","",IF(AB13=0,"-",(Y13+AA13)/AB13))
A14: =IF($B14="","",5) | B14: =IFERROR(INDEX(Students!$A$5:$A$304,MATCH($C$4&"|"&$C$5&"|"&5,Students!$O$5:$O$304,0)),"") | C14: =IF($B14="","",INDEX(Students!$B$5:$B$304,MATCH($B14,Students!$A$5:$A$304,0))) | E14: =IF($B14="","",IF(COUNTIFS(Attendance!$B$5:$B$304,$B14,Attendance!$A$5:$A$304,E$9,Attendance!$F$5:$F$304,"P")>0,"P",IF(COUNTIFS(Attendance!$B$5:$B$304,$B14,Attendance!$A$5:$A$304,E$9,Attendance!$F$5:$F$304,"A")>0,"A",IF(COUNTIFS(Attendance!$B$5:$B$304,$B14,Attendance!$A$5:$A$304,E$9,Attendance!$F$5:$F$304,"L")>0,"L","")))) | F14: =IF($B14="","",IF(COUNTIFS(Attendance!$B$5:$B$304,$B14,Attendance!$A$5:$A$304,F$9,Attendance!$F$5:$F$304,"P")>0,"P",IF(COUNTIFS(Attendance!$B$5:$B$304,$B14,Attendance!$A$5:$A$304,F$9,Attendance!$F$5:$F$304,"A")>0,"A",IF(COUNTIFS(Attendance!$B$5:$B$304,$B14,Attendance!$A$5:$A$304,F$9,Attendance!$F$5:$F$304,"L")>0,"L","")))) | G14: =IF($B14="","",IF(COUNTIFS(Attendance!$B$5:$B$304,$B14,Attendance!$A$5:$A$304,G$9,Attendance!$F$5:$F$304,"P")>0,"P",IF(COUNTIFS(Attendance!$B$5:$B$304,$B14,Attendance!$A$5:$A$304,G$9,Attendance!$F$5:$F$304,"A")>0,"A",IF(COUNTIFS(Attendance!$B$5:$B$304,$B14,Attendance!$A$5:$A$304,G$9,Attendance!$F$5:$F$304,"L")>0,"L","")))) | H14: =IF($B14="","",IF(COUNTIFS(Attendance!$B$5:$B$304,$B14,Attendance!$A$5:$A$304,H$9,Attendance!$F$5:$F$304,"P")>0,"P",IF(COUNTIFS(Attendance!$B$5:$B$304,$B14,Attendance!$A$5:$A$304,H$9,Attendance!$F$5:$F$304,"A")>0,"A",IF(COUNTIFS(Attendance!$B$5:$B$304,$B14,Attendance!$A$5:$A$304,H$9,Attendance!$F$5:$F$304,"L")>0,"L","")))) | I14: =IF($B14="","",IF(COUNTIFS(Attendance!$B$5:$B$304,$B14,Attendance!$A$5:$A$304,I$9,Attendance!$F$5:$F$304,"P")>0,"P",IF(COUNTIFS(Attendance!$B$5:$B$304,$B14,Attendance!$A$5:$A$304,I$9,Attendance!$F$5:$F$304,"A")>0,"A",IF(COUNTIFS(Attendance!$B$5:$B$304,$B14,Attendance!$A$5:$A$304,I$9,Attendance!$F$5:$F$304,"L")>0,"L","")))) | J14: =IF($B14="","",IF(COUNTIFS(Attendance!$B$5:$B$304,$B14,Attendance!$A$5:$A$304,J$9,Attendance!$F$5:$F$304,"P")>0,"P",IF(COUNTIFS(Attendance!$B$5:$B$304,$B14,Attendance!$A$5:$A$304,J$9,Attendance!$F$5:$F$304,"A")>0,"A",IF(COUNTIFS(Attendance!$B$5:$B$304,$B14,Attendance!$A$5:$A$304,J$9,Attendance!$F$5:$F$304,"L")>0,"L","")))) | K14: =IF($B14="","",IF(COUNTIFS(Attendance!$B$5:$B$304,$B14,Attendance!$A$5:$A$304,K$9,Attendance!$F$5:$F$304,"P")>0,"P",IF(COUNTIFS(Attendance!$B$5:$B$304,$B14,Attendance!$A$5:$A$304,K$9,Attendance!$F$5:$F$304,"A")>0,"A",IF(COUNTIFS(Attendance!$B$5:$B$304,$B14,Attendance!$A$5:$A$304,K$9,Attendance!$F$5:$F$304,"L")>0,"L","")))) | L14: =IF($B14="","",IF(COUNTIFS(Attendance!$B$5:$B$304,$B14,Attendance!$A$5:$A$304,L$9,Attendance!$F$5:$F$304,"P")>0,"P",IF(COUNTIFS(Attendance!$B$5:$B$304,$B14,Attendance!$A$5:$A$304,L$9,Attendance!$F$5:$F$304,"A")>0,"A",IF(COUNTIFS(Attendance!$B$5:$B$304,$B14,Attendance!$A$5:$A$304,L$9,Attendance!$F$5:$F$304,"L")>0,"L","")))) | ... X14: =IF($B14="","",IF(COUNTIFS(Attendance!$B$5:$B$304,$B14,Attendance!$A$5:$A$304,X$9,Attendance!$F$5:$F$304,"P")>0,"P",IF(COUNTIFS(Attendance!$B$5:$B$304,$B14,Attendance!$A$5:$A$304,X$9,Attendance!$F$5:$F$304,"A")>0,"A",IF(COUNTIFS(Attendance!$B$5:$B$304,$B14,Attendance!$A$5:$A$304,X$9,Attendance!$F$5:$F$304,"L")>0,"L","")))) | Y14: =IF($B14="","",COUNTIFS(Attendance!$B$5:$B$304,$B14,Attendance!$F$5:$F$304,"P",Attendance!$A$5:$A$304,">="&$AF$4,Attendance!$A$5:$A$304,"<="&$AF$5)) | Z14: =IF($B14="","",COUNTIFS(Attendance!$B$5:$B$304,$B14,Attendance!$F$5:$F$304,"A",Attendance!$A$5:$A$304,">="&$AF$4,Attendance!$A$5:$A$304,"<="&$AF$5)) | AA14: =IF($B14="","",COUNTIFS(Attendance!$B$5:$B$304,$B14,Attendance!$F$5:$F$304,"L",Attendance!$A$5:$A$304,">="&$AF$4,Attendance!$A$5:$A$304,"<="&$AF$5)) | AB14: =IF($B14="","",SUM(Y14:AA14)) | AC14: =IF($B14="","",IF(AB14=0,"-",(Y14+AA14)/AB14))
A15: =IF($B15="","",6) | B15: =IFERROR(INDEX(Students!$A$5:$A$304,MATCH($C$4&"|"&$C$5&"|"&6,Students!$O$5:$O$304,0)),"") | C15: =IF($B15="","",INDEX(Students!$B$5:$B$304,MATCH($B15,Students!$A$5:$A$304,0))) | E15: =IF($B15="","",IF(COUNTIFS(Attendance!$B$5:$B$304,$B15,Attendance!$A$5:$A$304,E$9,Attendance!$F$5:$F$304,"P")>0,"P",IF(COUNTIFS(Attendance!$B$5:$B$304,$B15,Attendance!$A$5:$A$304,E$9,Attendance!$F$5:$F$304,"A")>0,"A",IF(COUNTIFS(Attendance!$B$5:$B$304,$B15,Attendance!$A$5:$A$304,E$9,Attendance!$F$5:$F$304,"L")>0,"L","")))) | F15: =IF($B15="","",IF(COUNTIFS(Attendance!$B$5:$B$304,$B15,Attendance!$A$5:$A$304,F$9,Attendance!$F$5:$F$304,"P")>0,"P",IF(COUNTIFS(Attendance!$B$5:$B$304,$B15,Attendance!$A$5:$A$304,F$9,Attendance!$F$5:$F$304,"A")>0,"A",IF(COUNTIFS(Attendance!$B$5:$B$304,$B15,Attendance!$A$5:$A$304,F$9,Attendance!$F$5:$F$304,"L")>0,"L","")))) | G15: =IF($B15="","",IF(COUNTIFS(Attendance!$B$5:$B$304,$B15,Attendance!$A$5:$A$304,G$9,Attendance!$F$5:$F$304,"P")>0,"P",IF(COUNTIFS(Attendance!$B$5:$B$304,$B15,Attendance!$A$5:$A$304,G$9,Attendance!$F$5:$F$304,"A")>0,"A",IF(COUNTIFS(Attendance!$B$5:$B$304,$B15,Attendance!$A$5:$A$304,G$9,Attendance!$F$5:$F$304,"L")>0,"L","")))) | H15: =IF($B15="","",IF(COUNTIFS(Attendance!$B$5:$B$304,$B15,Attendance!$A$5:$A$304,H$9,Attendance!$F$5:$F$304,"P")>0,"P",IF(COUNTIFS(Attendance!$B$5:$B$304,$B15,Attendance!$A$5:$A$304,H$9,Attendance!$F$5:$F$304,"A")>0,"A",IF(COUNTIFS(Attendance!$B$5:$B$304,$B15,Attendance!$A$5:$A$304,H$9,Attendance!$F$5:$F$304,"L")>0,"L","")))) | I15: =IF($B15="","",IF(COUNTIFS(Attendance!$B$5:$B$304,$B15,Attendance!$A$5:$A$304,I$9,Attendance!$F$5:$F$304,"P")>0,"P",IF(COUNTIFS(Attendance!$B$5:$B$304,$B15,Attendance!$A$5:$A$304,I$9,Attendance!$F$5:$F$304,"A")>0,"A",IF(COUNTIFS(Attendance!$B$5:$B$304,$B15,Attendance!$A$5:$A$304,I$9,Attendance!$F$5:$F$304,"L")>0,"L","")))) | J15: =IF($B15="","",IF(COUNTIFS(Attendance!$B$5:$B$304,$B15,Attendance!$A$5:$A$304,J$9,Attendance!$F$5:$F$304,"P")>0,"P",IF(COUNTIFS(Attendance!$B$5:$B$304,$B15,Attendance!$A$5:$A$304,J$9,Attendance!$F$5:$F$304,"A")>0,"A",IF(COUNTIFS(Attendance!$B$5:$B$304,$B15,Attendance!$A$5:$A$304,J$9,Attendance!$F$5:$F$304,"L")>0,"L","")))) | K15: =IF($B15="","",IF(COUNTIFS(Attendance!$B$5:$B$304,$B15,Attendance!$A$5:$A$304,K$9,Attendance!$F$5:$F$304,"P")>0,"P",IF(COUNTIFS(Attendance!$B$5:$B$304,$B15,Attendance!$A$5:$A$304,K$9,Attendance!$F$5:$F$304,"A")>0,"A",IF(COUNTIFS(Attendance!$B$5:$B$304,$B15,Attendance!$A$5:$A$304,K$9,Attendance!$F$5:$F$304,"L")>0,"L","")))) | L15: =IF($B15="","",IF(COUNTIFS(Attendance!$B$5:$B$304,$B15,Attendance!$A$5:$A$304,L$9,Attendance!$F$5:$F$304,"P")>0,"P",IF(COUNTIFS(Attendance!$B$5:$B$304,$B15,Attendance!$A$5:$A$304,L$9,Attendance!$F$5:$F$304,"A")>0,"A",IF(COUNTIFS(Attendance!$B$5:$B$304,$B15,Attendance!$A$5:$A$304,L$9,Attendance!$F$5:$F$304,"L")>0,"L","")))) | ... X15: =IF($B15="","",IF(COUNTIFS(Attendance!$B$5:$B$304,$B15,Attendance!$A$5:$A$304,X$9,Attendance!$F$5:$F$304,"P")>0,"P",IF(COUNTIFS(Attendance!$B$5:$B$304,$B15,Attendance!$A$5:$A$304,X$9,Attendance!$F$5:$F$304,"A")>0,"A",IF(COUNTIFS(Attendance!$B$5:$B$304,$B15,Attendance!$A$5:$A$304,X$9,Attendance!$F$5:$F$304,"L")>0,"L","")))) | Y15: =IF($B15="","",COUNTIFS(Attendance!$B$5:$B$304,$B15,Attendance!$F$5:$F$304,"P",Attendance!$A$5:$A$304,">="&$AF$4,Attendance!$A$5:$A$304,"<="&$AF$5)) | Z15: =IF($B15="","",COUNTIFS(Attendance!$B$5:$B$304,$B15,Attendance!$F$5:$F$304,"A",Attendance!$A$5:$A$304,">="&$AF$4,Attendance!$A$5:$A$304,"<="&$AF$5)) | AA15: =IF($B15="","",COUNTIFS(Attendance!$B$5:$B$304,$B15,Attendance!$F$5:$F$304,"L",Attendance!$A$5:$A$304,">="&$AF$4,Attendance!$A$5:$A$304,"<="&$AF$5)) | AB15: =IF($B15="","",SUM(Y15:AA15)) | AC15: =IF($B15="","",IF(AB15=0,"-",(Y15+AA15)/AB15))
A16: =IF($B16="","",7) | B16: =IFERROR(INDEX(Students!$A$5:$A$304,MATCH($C$4&"|"&$C$5&"|"&7,Students!$O$5:$O$304,0)),"") | C16: =IF($B16="","",INDEX(Students!$B$5:$B$304,MATCH($B16,Students!$A$5:$A$304,0))) | E16: =IF($B16="","",IF(COUNTIFS(Attendance!$B$5:$B$304,$B16,Attendance!$A$5:$A$304,E$9,Attendance!$F$5:$F$304,"P")>0,"P",IF(COUNTIFS(Attendance!$B$5:$B$304,$B16,Attendance!$A$5:$A$304,E$9,Attendance!$F$5:$F$304,"A")>0,"A",IF(COUNTIFS(Attendance!$B$5:$B$304,$B16,Attendance!$A$5:$A$304,E$9,Attendance!$F$5:$F$304,"L")>0,"L","")))) | F16: =IF($B16="","",IF(COUNTIFS(Attendance!$B$5:$B$304,$B16,Attendance!$A$5:$A$304,F$9,Attendance!$F$5:$F$304,"P")>0,"P",IF(COUNTIFS(Attendance!$B$5:$B$304,$B16,Attendance!$A$5:$A$304,F$9,Attendance!$F$5:$F$304,"A")>0,"A",IF(COUNTIFS(Attendance!$B$5:$B$304,$B16,Attendance!$A$5:$A$304,F$9,Attendance!$F$5:$F$304,"L")>0,"L","")))) | G16: =IF($B16="","",IF(COUNTIFS(Attendance!$B$5:$B$304,$B16,Attendance!$A$5:$A$304,G$9,Attendance!$F$5:$F$304,"P")>0,"P",IF(COUNTIFS(Attendance!$B$5:$B$304,$B16,Attendance!$A$5:$A$304,G$9,Attendance!$F$5:$F$304,"A")>0,"A",IF(COUNTIFS(Attendance!$B$5:$B$304,$B16,Attendance!$A$5:$A$304,G$9,Attendance!$F$5:$F$304,"L")>0,"L","")))) | H16: =IF($B16="","",IF(COUNTIFS(Attendance!$B$5:$B$304,$B16,Attendance!$A$5:$A$304,H$9,Attendance!$F$5:$F$304,"P")>0,"P",IF(COUNTIFS(Attendance!$B$5:$B$304,$B16,Attendance!$A$5:$A$304,H$9,Attendance!$F$5:$F$304,"A")>0,"A",IF(COUNTIFS(Attendance!$B$5:$B$304,$B16,Attendance!$A$5:$A$304,H$9,Attendance!$F$5:$F$304,"L")>0,"L","")))) | I16: =IF($B16="","",IF(COUNTIFS(Attendance!$B$5:$B$304,$B16,Attendance!$A$5:$A$304,I$9,Attendance!$F$5:$F$304,"P")>0,"P",IF(COUNTIFS(Attendance!$B$5:$B$304,$B16,Attendance!$A$5:$A$304,I$9,Attendance!$F$5:$F$304,"A")>0,"A",IF(COUNTIFS(Attendance!$B$5:$B$304,$B16,Attendance!$A$5:$A$304,I$9,Attendance!$F$5:$F$304,"L")>0,"L","")))) | J16: =IF($B16="","",IF(COUNTIFS(Attendance!$B$5:$B$304,$B16,Attendance!$A$5:$A$304,J$9,Attendance!$F$5:$F$304,"P")>0,"P",IF(COUNTIFS(Attendance!$B$5:$B$304,$B16,Attendance!$A$5:$A$304,J$9,Attendance!$F$5:$F$304,"A")>0,"A",IF(COUNTIFS(Attendance!$B$5:$B$304,$B16,Attendance!$A$5:$A$304,J$9,Attendance!$F$5:$F$304,"L")>0,"L","")))) | K16: =IF($B16="","",IF(COUNTIFS(Attendance!$B$5:$B$304,$B16,Attendance!$A$5:$A$304,K$9,Attendance!$F$5:$F$304,"P")>0,"P",IF(COUNTIFS(Attendance!$B$5:$B$304,$B16,Attendance!$A$5:$A$304,K$9,Attendance!$F$5:$F$304,"A")>0,"A",IF(COUNTIFS(Attendance!$B$5:$B$304,$B16,Attendance!$A$5:$A$304,K$9,Attendance!$F$5:$F$304,"L")>0,"L","")))) | L16: =IF($B16="","",IF(COUNTIFS(Attendance!$B$5:$B$304,$B16,Attendance!$A$5:$A$304,L$9,Attendance!$F$5:$F$304,"P")>0,"P",IF(COUNTIFS(Attendance!$B$5:$B$304,$B16,Attendance!$A$5:$A$304,L$9,Attendance!$F$5:$F$304,"A")>0,"A",IF(COUNTIFS(Attendance!$B$5:$B$304,$B16,Attendance!$A$5:$A$304,L$9,Attendance!$F$5:$F$304,"L")>0,"L","")))) | ... X16: =IF($B16="","",IF(COUNTIFS(Attendance!$B$5:$B$304,$B16,Attendance!$A$5:$A$304,X$9,Attendance!$F$5:$F$304,"P")>0,"P",IF(COUNTIFS(Attendance!$B$5:$B$304,$B16,Attendance!$A$5:$A$304,X$9,Attendance!$F$5:$F$304,"A")>0,"A",IF(COUNTIFS(Attendance!$B$5:$B$304,$B16,Attendance!$A$5:$A$304,X$9,Attendance!$F$5:$F$304,"L")>0,"L","")))) | Y16: =IF($B16="","",COUNTIFS(Attendance!$B$5:$B$304,$B16,Attendance!$F$5:$F$304,"P",Attendance!$A$5:$A$304,">="&$AF$4,Attendance!$A$5:$A$304,"<="&$AF$5)) | Z16: =IF($B16="","",COUNTIFS(Attendance!$B$5:$B$304,$B16,Attendance!$F$5:$F$304,"A",Attendance!$A$5:$A$304,">="&$AF$4,Attendance!$A$5:$A$304,"<="&$AF$5)) | AA16: =IF($B16="","",COUNTIFS(Attendance!$B$5:$B$304,$B16,Attendance!$F$5:$F$304,"L",Attendance!$A$5:$A$304,">="&$AF$4,Attendance!$A$5:$A$304,"<="&$AF$5)) | AB16: =IF($B16="","",SUM(Y16:AA16)) | AC16: =IF($B16="","",IF(AB16=0,"-",(Y16+AA16)/AB16))
A17: =IF($B17="","",8) | B17: =IFERROR(INDEX(Students!$A$5:$A$304,MATCH($C$4&"|"&$C$5&"|"&8,Students!$O$5:$O$304,0)),"") | C17: =IF($B17="","",INDEX(Students!$B$5:$B$304,MATCH($B17,Students!$A$5:$A$304,0))) | E17: =IF($B17="","",IF(COUNTIFS(Attendance!$B$5:$B$304,$B17,Attendance!$A$5:$A$304,E$9,Attendance!$F$5:$F$304,"P")>0,"P",IF(COUNTIFS(Attendance!$B$5:$B$304,$B17,Attendance!$A$5:$A$304,E$9,Attendance!$F$5:$F$304,"A")>0,"A",IF(COUNTIFS(Attendance!$B$5:$B$304,$B17,Attendance!$A$5:$A$304,E$9,Attendance!$F$5:$F$304,"L")>0,"L","")))) | F17: =IF($B17="","",IF(COUNTIFS(Attendance!$B$5:$B$304,$B17,Attendance!$A$5:$A$304,F$9,Attendance!$F$5:$F$304,"P")>0,"P",IF(COUNTIFS(Attendance!$B$5:$B$304,$B17,Attendance!$A$5:$A$304,F$9,Attendance!$F$5:$F$304,"A")>0,"A",IF(COUNTIFS(Attendance!$B$5:$B$304,$B17,Attendance!$A$5:$A$304,F$9,Attendance!$F$5:$F$304,"L")>0,"L","")))) | G17: =IF($B17="","",IF(COUNTIFS(Attendance!$B$5:$B$304,$B17,Attendance!$A$5:$A$304,G$9,Attendance!$F$5:$F$304,"P")>0,"P",IF(COUNTIFS(Attendance!$B$5:$B$304,$B17,Attendance!$A$5:$A$304,G$9,Attendance!$F$5:$F$304,"A")>0,"A",IF(COUNTIFS(Attendance!$B$5:$B$304,$B17,Attendance!$A$5:$A$304,G$9,Attendance!$F$5:$F$304,"L")>0,"L","")))) | H17: =IF($B17="","",IF(COUNTIFS(Attendance!$B$5:$B$304,$B17,Attendance!$A$5:$A$304,H$9,Attendance!$F$5:$F$304,"P")>0,"P",IF(COUNTIFS(Attendance!$B$5:$B$304,$B17,Attendance!$A$5:$A$304,H$9,Attendance!$F$5:$F$304,"A")>0,"A",IF(COUNTIFS(Attendance!$B$5:$B$304,$B17,Attendance!$A$5:$A$304,H$9,Attendance!$F$5:$F$304,"L")>0,"L","")))) | I17: =IF($B17="","",IF(COUNTIFS(Attendance!$B$5:$B$304,$B17,Attendance!$A$5:$A$304,I$9,Attendance!$F$5:$F$304,"P")>0,"P",IF(COUNTIFS(Attendance!$B$5:$B$304,$B17,Attendance!$A$5:$A$304,I$9,Attendance!$F$5:$F$304,"A")>0,"A",IF(COUNTIFS(Attendance!$B$5:$B$304,$B17,Attendance!$A$5:$A$304,I$9,Attendance!$F$5:$F$304,"L")>0,"L","")))) | J17: =IF($B17="","",IF(COUNTIFS(Attendance!$B$5:$B$304,$B17,Attendance!$A$5:$A$304,J$9,Attendance!$F$5:$F$304,"P")>0,"P",IF(COUNTIFS(Attendance!$B$5:$B$304,$B17,Attendance!$A$5:$A$304,J$9,Attendance!$F$5:$F$304,"A")>0,"A",IF(COUNTIFS(Attendance!$B$5:$B$304,$B17,Attendance!$A$5:$A$304,J$9,Attendance!$F$5:$F$304,"L")>0,"L","")))) | K17: =IF($B17="","",IF(COUNTIFS(Attendance!$B$5:$B$304,$B17,Attendance!$A$5:$A$304,K$9,Attendance!$F$5:$F$304,"P")>0,"P",IF(COUNTIFS(Attendance!$B$5:$B$304,$B17,Attendance!$A$5:$A$304,K$9,Attendance!$F$5:$F$304,"A")>0,"A",IF(COUNTIFS(Attendance!$B$5:$B$304,$B17,Attendance!$A$5:$A$304,K$9,Attendance!$F$5:$F$304,"L")>0,"L","")))) | L17: =IF($B17="","",IF(COUNTIFS(Attendance!$B$5:$B$304,$B17,Attendance!$A$5:$A$304,L$9,Attendance!$F$5:$F$304,"P")>0,"P",IF(COUNTIFS(Attendance!$B$5:$B$304,$B17,Attendance!$A$5:$A$304,L$9,Attendance!$F$5:$F$304,"A")>0,"A",IF(COUNTIFS(Attendance!$B$5:$B$304,$B17,Attendance!$A$5:$A$304,L$9,Attendance!$F$5:$F$304,"L")>0,"L","")))) | ... X17: =IF($B17="","",IF(COUNTIFS(Attendance!$B$5:$B$304,$B17,Attendance!$A$5:$A$304,X$9,Attendance!$F$5:$F$304,"P")>0,"P",IF(COUNTIFS(Attendance!$B$5:$B$304,$B17,Attendance!$A$5:$A$304,X$9,Attendance!$F$5:$F$304,"A")>0,"A",IF(COUNTIFS(Attendance!$B$5:$B$304,$B17,Attendance!$A$5:$A$304,X$9,Attendance!$F$5:$F$304,"L")>0,"L","")))) | Y17: =IF($B17="","",COUNTIFS(Attendance!$B$5:$B$304,$B17,Attendance!$F$5:$F$304,"P",Attendance!$A$5:$A$304,">="&$AF$4,Attendance!$A$5:$A$304,"<="&$AF$5)) | Z17: =IF($B17="","",COUNTIFS(Attendance!$B$5:$B$304,$B17,Attendance!$F$5:$F$304,"A",Attendance!$A$5:$A$304,">="&$AF$4,Attendance!$A$5:$A$304,"<="&$AF$5)) | AA17: =IF($B17="","",COUNTIFS(Attendance!$B$5:$B$304,$B17,Attendance!$F$5:$F$304,"L",Attendance!$A$5:$A$304,">="&$AF$4,Attendance!$A$5:$A$304,"<="&$AF$5)) | AB17: =IF($B17="","",SUM(Y17:AA17)) | AC17: =IF($B17="","",IF(AB17=0,"-",(Y17+AA17)/AB17))
A18: =IF($B18="","",9) | B18: =IFERROR(INDEX(Students!$A$5:$A$304,MATCH($C$4&"|"&$C$5&"|"&9,Students!$O$5:$O$304,0)),"") | C18: =IF($B18="","",INDEX(Students!$B$5:$B$304,MATCH($B18,Students!$A$5:$A$304,0))) | E18: =IF($B18="","",IF(COUNTIFS(Attendance!$B$5:$B$304,$B18,Attendance!$A$5:$A$304,E$9,Attendance!$F$5:$F$304,"P")>0,"P",IF(COUNTIFS(Attendance!$B$5:$B$304,$B18,Attendance!$A$5:$A$304,E$9,Attendance!$F$5:$F$304,"A")>0,"A",IF(COUNTIFS(Attendance!$B$5:$B$304,$B18,Attendance!$A$5:$A$304,E$9,Attendance!$F$5:$F$304,"L")>0,"L","")))) | F18: =IF($B18="","",IF(COUNTIFS(Attendance!$B$5:$B$304,$B18,Attendance!$A$5:$A$304,F$9,Attendance!$F$5:$F$304,"P")>0,"P",IF(COUNTIFS(Attendance!$B$5:$B$304,$B18,Attendance!$A$5:$A$304,F$9,Attendance!$F$5:$F$304,"A")>0,"A",IF(COUNTIFS(Attendance!$B$5:$B$304,$B18,Attendance!$A$5:$A$304,F$9,Attendance!$F$5:$F$304,"L")>0,"L","")))) | G18: =IF($B18="","",IF(COUNTIFS(Attendance!$B$5:$B$304,$B18,Attendance!$A$5:$A$304,G$9,Attendance!$F$5:$F$304,"P")>0,"P",IF(COUNTIFS(Attendance!$B$5:$B$304,$B18,Attendance!$A$5:$A$304,G$9,Attendance!$F$5:$F$304,"A")>0,"A",IF(COUNTIFS(Attendance!$B$5:$B$304,$B18,Attendance!$A$5:$A$304,G$9,Attendance!$F$5:$F$304,"L")>0,"L","")))) | H18: =IF($B18="","",IF(COUNTIFS(Attendance!$B$5:$B$304,$B18,Attendance!$A$5:$A$304,H$9,Attendance!$F$5:$F$304,"P")>0,"P",IF(COUNTIFS(Attendance!$B$5:$B$304,$B18,Attendance!$A$5:$A$304,H$9,Attendance!$F$5:$F$304,"A")>0,"A",IF(COUNTIFS(Attendance!$B$5:$B$304,$B18,Attendance!$A$5:$A$304,H$9,Attendance!$F$5:$F$304,"L")>0,"L","")))) | I18: =IF($B18="","",IF(COUNTIFS(Attendance!$B$5:$B$304,$B18,Attendance!$A$5:$A$304,I$9,Attendance!$F$5:$F$304,"P")>0,"P",IF(COUNTIFS(Attendance!$B$5:$B$304,$B18,Attendance!$A$5:$A$304,I$9,Attendance!$F$5:$F$304,"A")>0,"A",IF(COUNTIFS(Attendance!$B$5:$B$304,$B18,Attendance!$A$5:$A$304,I$9,Attendance!$F$5:$F$304,"L")>0,"L","")))) | J18: =IF($B18="","",IF(COUNTIFS(Attendance!$B$5:$B$304,$B18,Attendance!$A$5:$A$304,J$9,Attendance!$F$5:$F$304,"P")>0,"P",IF(COUNTIFS(Attendance!$B$5:$B$304,$B18,Attendance!$A$5:$A$304,J$9,Attendance!$F$5:$F$304,"A")>0,"A",IF(COUNTIFS(Attendance!$B$5:$B$304,$B18,Attendance!$A$5:$A$304,J$9,Attendance!$F$5:$F$304,"L")>0,"L","")))) | K18: =IF($B18="","",IF(COUNTIFS(Attendance!$B$5:$B$304,$B18,Attendance!$A$5:$A$304,K$9,Attendance!$F$5:$F$304,"P")>0,"P",IF(COUNTIFS(Attendance!$B$5:$B$304,$B18,Attendance!$A$5:$A$304,K$9,Attendance!$F$5:$F$304,"A")>0,"A",IF(COUNTIFS(Attendance!$B$5:$B$304,$B18,Attendance!$A$5:$A$304,K$9,Attendance!$F$5:$F$304,"L")>0,"L","")))) | L18: =IF($B18="","",IF(COUNTIFS(Attendance!$B$5:$B$304,$B18,Attendance!$A$5:$A$304,L$9,Attendance!$F$5:$F$304,"P")>0,"P",IF(COUNTIFS(Attendance!$B$5:$B$304,$B18,Attendance!$A$5:$A$304,L$9,Attendance!$F$5:$F$304,"A")>0,"A",IF(COUNTIFS(Attendance!$B$5:$B$304,$B18,Attendance!$A$5:$A$304,L$9,Attendance!$F$5:$F$304,"L")>0,"L","")))) | ... X18: =IF($B18="","",IF(COUNTIFS(Attendance!$B$5:$B$304,$B18,Attendance!$A$5:$A$304,X$9,Attendance!$F$5:$F$304,"P")>0,"P",IF(COUNTIFS(Attendance!$B$5:$B$304,$B18,Attendance!$A$5:$A$304,X$9,Attendance!$F$5:$F$304,"A")>0,"A",IF(COUNTIFS(Attendance!$B$5:$B$304,$B18,Attendance!$A$5:$A$304,X$9,Attendance!$F$5:$F$304,"L")>0,"L","")))) | Y18: =IF($B18="","",COUNTIFS(Attendance!$B$5:$B$304,$B18,Attendance!$F$5:$F$304,"P",Attendance!$A$5:$A$304,">="&$AF$4,Attendance!$A$5:$A$304,"<="&$AF$5)) | Z18: =IF($B18="","",COUNTIFS(Attendance!$B$5:$B$304,$B18,Attendance!$F$5:$F$304,"A",Attendance!$A$5:$A$304,">="&$AF$4,Attendance!$A$5:$A$304,"<="&$AF$5)) | AA18: =IF($B18="","",COUNTIFS(Attendance!$B$5:$B$304,$B18,Attendance!$F$5:$F$304,"L",Attendance!$A$5:$A$304,">="&$AF$4,Attendance!$A$5:$A$304,"<="&$AF$5)) | AB18: =IF($B18="","",SUM(Y18:AA18)) | AC18: =IF($B18="","",IF(AB18=0,"-",(Y18+AA18)/AB18))
A19: =IF($B19="","",10) | B19: =IFERROR(INDEX(Students!$A$5:$A$304,MATCH($C$4&"|"&$C$5&"|"&10,Students!$O$5:$O$304,0)),"") | C19: =IF($B19="","",INDEX(Students!$B$5:$B$304,MATCH($B19,Students!$A$5:$A$304,0))) | E19: =IF($B19="","",IF(COUNTIFS(Attendance!$B$5:$B$304,$B19,Attendance!$A$5:$A$304,E$9,Attendance!$F$5:$F$304,"P")>0,"P",IF(COUNTIFS(Attendance!$B$5:$B$304,$B19,Attendance!$A$5:$A$304,E$9,Attendance!$F$5:$F$304,"A")>0,"A",IF(COUNTIFS(Attendance!$B$5:$B$304,$B19,Attendance!$A$5:$A$304,E$9,Attendance!$F$5:$F$304,"L")>0,"L","")))) | F19: =IF($B19="","",IF(COUNTIFS(Attendance!$B$5:$B$304,$B19,Attendance!$A$5:$A$304,F$9,Attendance!$F$5:$F$304,"P")>0,"P",IF(COUNTIFS(Attendance!$B$5:$B$304,$B19,Attendance!$A$5:$A$304,F$9,Attendance!$F$5:$F$304,"A")>0,"A",IF(COUNTIFS(Attendance!$B$5:$B$304,$B19,Attendance!$A$5:$A$304,F$9,Attendance!$F$5:$F$304,"L")>0,"L","")))) | G19: =IF($B19="","",IF(COUNTIFS(Attendance!$B$5:$B$304,$B19,Attendance!$A$5:$A$304,G$9,Attendance!$F$5:$F$304,"P")>0,"P",IF(COUNTIFS(Attendance!$B$5:$B$304,$B19,Attendance!$A$5:$A$304,G$9,Attendance!$F$5:$F$304,"A")>0,"A",IF(COUNTIFS(Attendance!$B$5:$B$304,$B19,Attendance!$A$5:$A$304,G$9,Attendance!$F$5:$F$304,"L")>0,"L","")))) | H19: =IF($B19="","",IF(COUNTIFS(Attendance!$B$5:$B$304,$B19,Attendance!$A$5:$A$304,H$9,Attendance!$F$5:$F$304,"P")>0,"P",IF(COUNTIFS(Attendance!$B$5:$B$304,$B19,Attendance!$A$5:$A$304,H$9,Attendance!$F$5:$F$304,"A")>0,"A",IF(COUNTIFS(Attendance!$B$5:$B$304,$B19,Attendance!$A$5:$A$304,H$9,Attendance!$F$5:$F$304,"L")>0,"L","")))) | I19: =IF($B19="","",IF(COUNTIFS(Attendance!$B$5:$B$304,$B19,Attendance!$A$5:$A$304,I$9,Attendance!$F$5:$F$304,"P")>0,"P",IF(COUNTIFS(Attendance!$B$5:$B$304,$B19,Attendance!$A$5:$A$304,I$9,Attendance!$F$5:$F$304,"A")>0,"A",IF(COUNTIFS(Attendance!$B$5:$B$304,$B19,Attendance!$A$5:$A$304,I$9,Attendance!$F$5:$F$304,"L")>0,"L","")))) | J19: =IF($B19="","",IF(COUNTIFS(Attendance!$B$5:$B$304,$B19,Attendance!$A$5:$A$304,J$9,Attendance!$F$5:$F$304,"P")>0,"P",IF(COUNTIFS(Attendance!$B$5:$B$304,$B19,Attendance!$A$5:$A$304,J$9,Attendance!$F$5:$F$304,"A")>0,"A",IF(COUNTIFS(Attendance!$B$5:$B$304,$B19,Attendance!$A$5:$A$304,J$9,Attendance!$F$5:$F$304,"L")>0,"L","")))) | K19: =IF($B19="","",IF(COUNTIFS(Attendance!$B$5:$B$304,$B19,Attendance!$A$5:$A$304,K$9,Attendance!$F$5:$F$304,"P")>0,"P",IF(COUNTIFS(Attendance!$B$5:$B$304,$B19,Attendance!$A$5:$A$304,K$9,Attendance!$F$5:$F$304,"A")>0,"A",IF(COUNTIFS(Attendance!$B$5:$B$304,$B19,Attendance!$A$5:$A$304,K$9,Attendance!$F$5:$F$304,"L")>0,"L","")))) | L19: =IF($B19="","",IF(COUNTIFS(Attendance!$B$5:$B$304,$B19,Attendance!$A$5:$A$304,L$9,Attendance!$F$5:$F$304,"P")>0,"P",IF(COUNTIFS(Attendance!$B$5:$B$304,$B19,Attendance!$A$5:$A$304,L$9,Attendance!$F$5:$F$304,"A")>0,"A",IF(COUNTIFS(Attendance!$B$5:$B$304,$B19,Attendance!$A$5:$A$304,L$9,Attendance!$F$5:$F$304,"L")>0,"L","")))) | ... X19: =IF($B19="","",IF(COUNTIFS(Attendance!$B$5:$B$304,$B19,Attendance!$A$5:$A$304,X$9,Attendance!$F$5:$F$304,"P")>0,"P",IF(COUNTIFS(Attendance!$B$5:$B$304,$B19,Attendance!$A$5:$A$304,X$9,Attendance!$F$5:$F$304,"A")>0,"A",IF(COUNTIFS(Attendance!$B$5:$B$304,$B19,Attendance!$A$5:$A$304,X$9,Attendance!$F$5:$F$304,"L")>0,"L","")))) | Y19: =IF($B19="","",COUNTIFS(Attendance!$B$5:$B$304,$B19,Attendance!$F$5:$F$304,"P",Attendance!$A$5:$A$304,">="&$AF$4,Attendance!$A$5:$A$304,"<="&$AF$5)) | Z19: =IF($B19="","",COUNTIFS(Attendance!$B$5:$B$304,$B19,Attendance!$F$5:$F$304,"A",Attendance!$A$5:$A$304,">="&$AF$4,Attendance!$A$5:$A$304,"<="&$AF$5)) | AA19: =IF($B19="","",COUNTIFS(Attendance!$B$5:$B$304,$B19,Attendance!$F$5:$F$304,"L",Attendance!$A$5:$A$304,">="&$AF$4,Attendance!$A$5:$A$304,"<="&$AF$5)) | AB19: =IF($B19="","",SUM(Y19:AA19)) | AC19: =IF($B19="","",IF(AB19=0,"-",(Y19+AA19)/AB19))
A20: =IF($B20="","",11) | B20: =IFERROR(INDEX(Students!$A$5:$A$304,MATCH($C$4&"|"&$C$5&"|"&11,Students!$O$5:$O$304,0)),"") | C20: =IF($B20="","",INDEX(Students!$B$5:$B$304,MATCH($B20,Students!$A$5:$A$304,0))) | E20: =IF($B20="","",IF(COUNTIFS(Attendance!$B$5:$B$304,$B20,Attendance!$A$5:$A$304,E$9,Attendance!$F$5:$F$304,"P")>0,"P",IF(COUNTIFS(Attendance!$B$5:$B$304,$B20,Attendance!$A$5:$A$304,E$9,Attendance!$F$5:$F$304,"A")>0,"A",IF(COUNTIFS(Attendance!$B$5:$B$304,$B20,Attendance!$A$5:$A$304,E$9,Attendance!$F$5:$F$304,"L")>0,"L","")))) | F20: =IF($B20="","",IF(COUNTIFS(Attendance!$B$5:$B$304,$B20,Attendance!$A$5:$A$304,F$9,Attendance!$F$5:$F$304,"P")>0,"P",IF(COUNTIFS(Attendance!$B$5:$B$304,$B20,Attendance!$A$5:$A$304,F$9,Attendance!$F$5:$F$304,"A")>0,"A",IF(COUNTIFS(Attendance!$B$5:$B$304,$B20,Attendance!$A$5:$A$304,F$9,Attendance!$F$5:$F$304,"L")>0,"L","")))) | G20: =IF($B20="","",IF(COUNTIFS(Attendance!$B$5:$B$304,$B20,Attendance!$A$5:$A$304,G$9,Attendance!$F$5:$F$304,"P")>0,"P",IF(COUNTIFS(Attendance!$B$5:$B$304,$B20,Attendance!$A$5:$A$304,G$9,Attendance!$F$5:$F$304,"A")>0,"A",IF(COUNTIFS(Attendance!$B$5:$B$304,$B20,Attendance!$A$5:$A$304,G$9,Attendance!$F$5:$F$304,"L")>0,"L","")))) | H20: =IF($B20="","",IF(COUNTIFS(Attendance!$B$5:$B$304,$B20,Attendance!$A$5:$A$304,H$9,Attendance!$F$5:$F$304,"P")>0,"P",IF(COUNTIFS(Attendance!$B$5:$B$304,$B20,Attendance!$A$5:$A$304,H$9,Attendance!$F$5:$F$304,"A")>0,"A",IF(COUNTIFS(Attendance!$B$5:$B$304,$B20,Attendance!$A$5:$A$304,H$9,Attendance!$F$5:$F$304,"L")>0,"L","")))) | I20: =IF($B20="","",IF(COUNTIFS(Attendance!$B$5:$B$304,$B20,Attendance!$A$5:$A$304,I$9,Attendance!$F$5:$F$304,"P")>0,"P",IF(COUNTIFS(Attendance!$B$5:$B$304,$B20,Attendance!$A$5:$A$304,I$9,Attendance!$F$5:$F$304,"A")>0,"A",IF(COUNTIFS(Attendance!$B$5:$B$304,$B20,Attendance!$A$5:$A$304,I$9,Attendance!$F$5:$F$304,"L")>0,"L","")))) | J20: =IF($B20="","",IF(COUNTIFS(Attendance!$B$5:$B$304,$B20,Attendance!$A$5:$A$304,J$9,Attendance!$F$5:$F$304,"P")>0,"P",IF(COUNTIFS(Attendance!$B$5:$B$304,$B20,Attendance!$A$5:$A$304,J$9,Attendance!$F$5:$F$304,"A")>0,"A",IF(COUNTIFS(Attendance!$B$5:$B$304,$B20,Attendance!$A$5:$A$304,J$9,Attendance!$F$5:$F$304,"L")>0,"L","")))) | K20: =IF($B20="","",IF(COUNTIFS(Attendance!$B$5:$B$304,$B20,Attendance!$A$5:$A$304,K$9,Attendance!$F$5:$F$304,"P")>0,"P",IF(COUNTIFS(Attendance!$B$5:$B$304,$B20,Attendance!$A$5:$A$304,K$9,Attendance!$F$5:$F$304,"A")>0,"A",IF(COUNTIFS(Attendance!$B$5:$B$304,$B20,Attendance!$A$5:$A$304,K$9,Attendance!$F$5:$F$304,"L")>0,"L","")))) | L20: =IF($B20="","",IF(COUNTIFS(Attendance!$B$5:$B$304,$B20,Attendance!$A$5:$A$304,L$9,Attendance!$F$5:$F$304,"P")>0,"P",IF(COUNTIFS(Attendance!$B$5:$B$304,$B20,Attendance!$A$5:$A$304,L$9,Attendance!$F$5:$F$304,"A")>0,"A",IF(COUNTIFS(Attendance!$B$5:$B$304,$B20,Attendance!$A$5:$A$304,L$9,Attendance!$F$5:$F$304,"L")>0,"L","")))) | ... X20: =IF($B20="","",IF(COUNTIFS(Attendance!$B$5:$B$304,$B20,Attendance!$A$5:$A$304,X$9,Attendance!$F$5:$F$304,"P")>0,"P",IF(COUNTIFS(Attendance!$B$5:$B$304,$B20,Attendance!$A$5:$A$304,X$9,Attendance!$F$5:$F$304,"A")>0,"A",IF(COUNTIFS(Attendance!$B$5:$B$304,$B20,Attendance!$A$5:$A$304,X$9,Attendance!$F$5:$F$304,"L")>0,"L","")))) | Y20: =IF($B20="","",COUNTIFS(Attendance!$B$5:$B$304,$B20,Attendance!$F$5:$F$304,"P",Attendance!$A$5:$A$304,">="&$AF$4,Attendance!$A$5:$A$304,"<="&$AF$5)) | Z20: =IF($B20="","",COUNTIFS(Attendance!$B$5:$B$304,$B20,Attendance!$F$5:$F$304,"A",Attendance!$A$5:$A$304,">="&$AF$4,Attendance!$A$5:$A$304,"<="&$AF$5)) | AA20: =IF($B20="","",COUNTIFS(Attendance!$B$5:$B$304,$B20,Attendance!$F$5:$F$304,"L",Attendance!$A$5:$A$304,">="&$AF$4,Attendance!$A$5:$A$304,"<="&$AF$5)) | AB20: =IF($B20="","",SUM(Y20:AA20)) | AC20: =IF($B20="","",IF(AB20=0,"-",(Y20+AA20)/AB20))
A21: =IF($B21="","",12) | B21: =IFERROR(INDEX(Students!$A$5:$A$304,MATCH($C$4&"|"&$C$5&"|"&12,Students!$O$5:$O$304,0)),"") | C21: =IF($B21="","",INDEX(Students!$B$5:$B$304,MATCH($B21,Students!$A$5:$A$304,0))) | E21: =IF($B21="","",IF(COUNTIFS(Attendance!$B$5:$B$304,$B21,Attendance!$A$5:$A$304,E$9,Attendance!$F$5:$F$304,"P")>0,"P",IF(COUNTIFS(Attendance!$B$5:$B$304,$B21,Attendance!$A$5:$A$304,E$9,Attendance!$F$5:$F$304,"A")>0,"A",IF(COUNTIFS(Attendance!$B$5:$B$304,$B21,Attendance!$A$5:$A$304,E$9,Attendance!$F$5:$F$304,"L")>0,"L","")))) | F21: =IF($B21="","",IF(COUNTIFS(Attendance!$B$5:$B$304,$B21,Attendance!$A$5:$A$304,F$9,Attendance!$F$5:$F$304,"P")>0,"P",IF(COUNTIFS(Attendance!$B$5:$B$304,$B21,Attendance!$A$5:$A$304,F$9,Attendance!$F$5:$F$304,"A")>0,"A",IF(COUNTIFS(Attendance!$B$5:$B$304,$B21,Attendance!$A$5:$A$304,F$9,Attendance!$F$5:$F$304,"L")>0,"L","")))) | G21: =IF($B21="","",IF(COUNTIFS(Attendance!$B$5:$B$304,$B21,Attendance!$A$5:$A$304,G$9,Attendance!$F$5:$F$304,"P")>0,"P",IF(COUNTIFS(Attendance!$B$5:$B$304,$B21,Attendance!$A$5:$A$304,G$9,Attendance!$F$5:$F$304,"A")>0,"A",IF(COUNTIFS(Attendance!$B$5:$B$304,$B21,Attendance!$A$5:$A$304,G$9,Attendance!$F$5:$F$304,"L")>0,"L","")))) | H21: =IF($B21="","",IF(COUNTIFS(Attendance!$B$5:$B$304,$B21,Attendance!$A$5:$A$304,H$9,Attendance!$F$5:$F$304,"P")>0,"P",IF(COUNTIFS(Attendance!$B$5:$B$304,$B21,Attendance!$A$5:$A$304,H$9,Attendance!$F$5:$F$304,"A")>0,"A",IF(COUNTIFS(Attendance!$B$5:$B$304,$B21,Attendance!$A$5:$A$304,H$9,Attendance!$F$5:$F$304,"L")>0,"L","")))) | I21: =IF($B21="","",IF(COUNTIFS(Attendance!$B$5:$B$304,$B21,Attendance!$A$5:$A$304,I$9,Attendance!$F$5:$F$304,"P")>0,"P",IF(COUNTIFS(Attendance!$B$5:$B$304,$B21,Attendance!$A$5:$A$304,I$9,Attendance!$F$5:$F$304,"A")>0,"A",IF(COUNTIFS(Attendance!$B$5:$B$304,$B21,Attendance!$A$5:$A$304,I$9,Attendance!$F$5:$F$304,"L")>0,"L","")))) | J21: =IF($B21="","",IF(COUNTIFS(Attendance!$B$5:$B$304,$B21,Attendance!$A$5:$A$304,J$9,Attendance!$F$5:$F$304,"P")>0,"P",IF(COUNTIFS(Attendance!$B$5:$B$304,$B21,Attendance!$A$5:$A$304,J$9,Attendance!$F$5:$F$304,"A")>0,"A",IF(COUNTIFS(Attendance!$B$5:$B$304,$B21,Attendance!$A$5:$A$304,J$9,Attendance!$F$5:$F$304,"L")>0,"L","")))) | K21: =IF($B21="","",IF(COUNTIFS(Attendance!$B$5:$B$304,$B21,Attendance!$A$5:$A$304,K$9,Attendance!$F$5:$F$304,"P")>0,"P",IF(COUNTIFS(Attendance!$B$5:$B$304,$B21,Attendance!$A$5:$A$304,K$9,Attendance!$F$5:$F$304,"A")>0,"A",IF(COUNTIFS(Attendance!$B$5:$B$304,$B21,Attendance!$A$5:$A$304,K$9,Attendance!$F$5:$F$304,"L")>0,"L","")))) | L21: =IF($B21="","",IF(COUNTIFS(Attendance!$B$5:$B$304,$B21,Attendance!$A$5:$A$304,L$9,Attendance!$F$5:$F$304,"P")>0,"P",IF(COUNTIFS(Attendance!$B$5:$B$304,$B21,Attendance!$A$5:$A$304,L$9,Attendance!$F$5:$F$304,"A")>0,"A",IF(COUNTIFS(Attendance!$B$5:$B$304,$B21,Attendance!$A$5:$A$304,L$9,Attendance!$F$5:$F$304,"L")>0,"L","")))) | ... X21: =IF($B21="","",IF(COUNTIFS(Attendance!$B$5:$B$304,$B21,Attendance!$A$5:$A$304,X$9,Attendance!$F$5:$F$304,"P")>0,"P",IF(COUNTIFS(Attendance!$B$5:$B$304,$B21,Attendance!$A$5:$A$304,X$9,Attendance!$F$5:$F$304,"A")>0,"A",IF(COUNTIFS(Attendance!$B$5:$B$304,$B21,Attendance!$A$5:$A$304,X$9,Attendance!$F$5:$F$304,"L")>0,"L","")))) | Y21: =IF($B21="","",COUNTIFS(Attendance!$B$5:$B$304,$B21,Attendance!$F$5:$F$304,"P",Attendance!$A$5:$A$304,">="&$AF$4,Attendance!$A$5:$A$304,"<="&$AF$5)) | Z21: =IF($B21="","",COUNTIFS(Attendance!$B$5:$B$304,$B21,Attendance!$F$5:$F$304,"A",Attendance!$A$5:$A$304,">="&$AF$4,Attendance!$A$5:$A$304,"<="&$AF$5)) | AA21: =IF($B21="","",COUNTIFS(Attendance!$B$5:$B$304,$B21,Attendance!$F$5:$F$304,"L",Attendance!$A$5:$A$304,">="&$AF$4,Attendance!$A$5:$A$304,"<="&$AF$5)) | AB21: =IF($B21="","",SUM(Y21:AA21)) | AC21: =IF($B21="","",IF(AB21=0,"-",(Y21+AA21)/AB21))
A22: =IF($B22="","",13) | B22: =IFERROR(INDEX(Students!$A$5:$A$304,MATCH($C$4&"|"&$C$5&"|"&13,Students!$O$5:$O$304,0)),"") | C22: =IF($B22="","",INDEX(Students!$B$5:$B$304,MATCH($B22,Students!$A$5:$A$304,0))) | E22: =IF($B22="","",IF(COUNTIFS(Attendance!$B$5:$B$304,$B22,Attendance!$A$5:$A$304,E$9,Attendance!$F$5:$F$304,"P")>0,"P",IF(COUNTIFS(Attendance!$B$5:$B$304,$B22,Attendance!$A$5:$A$304,E$9,Attendance!$F$5:$F$304,"A")>0,"A",IF(COUNTIFS(Attendance!$B$5:$B$304,$B22,Attendance!$A$5:$A$304,E$9,Attendance!$F$5:$F$304,"L")>0,"L","")))) | F22: =IF($B22="","",IF(COUNTIFS(Attendance!$B$5:$B$304,$B22,Attendance!$A$5:$A$304,F$9,Attendance!$F$5:$F$304,"P")>0,"P",IF(COUNTIFS(Attendance!$B$5:$B$304,$B22,Attendance!$A$5:$A$304,F$9,Attendance!$F$5:$F$304,"A")>0,"A",IF(COUNTIFS(Attendance!$B$5:$B$304,$B22,Attendance!$A$5:$A$304,F$9,Attendance!$F$5:$F$304,"L")>0,"L","")))) | G22: =IF($B22="","",IF(COUNTIFS(Attendance!$B$5:$B$304,$B22,Attendance!$A$5:$A$304,G$9,Attendance!$F$5:$F$304,"P")>0,"P",IF(COUNTIFS(Attendance!$B$5:$B$304,$B22,Attendance!$A$5:$A$304,G$9,Attendance!$F$5:$F$304,"A")>0,"A",IF(COUNTIFS(Attendance!$B$5:$B$304,$B22,Attendance!$A$5:$A$304,G$9,Attendance!$F$5:$F$304,"L")>0,"L","")))) | H22: =IF($B22="","",IF(COUNTIFS(Attendance!$B$5:$B$304,$B22,Attendance!$A$5:$A$304,H$9,Attendance!$F$5:$F$304,"P")>0,"P",IF(COUNTIFS(Attendance!$B$5:$B$304,$B22,Attendance!$A$5:$A$304,H$9,Attendance!$F$5:$F$304,"A")>0,"A",IF(COUNTIFS(Attendance!$B$5:$B$304,$B22,Attendance!$A$5:$A$304,H$9,Attendance!$F$5:$F$304,"L")>0,"L","")))) | I22: =IF($B22="","",IF(COUNTIFS(Attendance!$B$5:$B$304,$B22,Attendance!$A$5:$A$304,I$9,Attendance!$F$5:$F$304,"P")>0,"P",IF(COUNTIFS(Attendance!$B$5:$B$304,$B22,Attendance!$A$5:$A$304,I$9,Attendance!$F$5:$F$304,"A")>0,"A",IF(COUNTIFS(Attendance!$B$5:$B$304,$B22,Attendance!$A$5:$A$304,I$9,Attendance!$F$5:$F$304,"L")>0,"L","")))) | J22: =IF($B22="","",IF(COUNTIFS(Attendance!$B$5:$B$304,$B22,Attendance!$A$5:$A$304,J$9,Attendance!$F$5:$F$304,"P")>0,"P",IF(COUNTIFS(Attendance!$B$5:$B$304,$B22,Attendance!$A$5:$A$304,J$9,Attendance!$F$5:$F$304,"A")>0,"A",IF(COUNTIFS(Attendance!$B$5:$B$304,$B22,Attendance!$A$5:$A$304,J$9,Attendance!$F$5:$F$304,"L")>0,"L","")))) | K22: =IF($B22="","",IF(COUNTIFS(Attendance!$B$5:$B$304,$B22,Attendance!$A$5:$A$304,K$9,Attendance!$F$5:$F$304,"P")>0,"P",IF(COUNTIFS(Attendance!$B$5:$B$304,$B22,Attendance!$A$5:$A$304,K$9,Attendance!$F$5:$F$304,"A")>0,"A",IF(COUNTIFS(Attendance!$B$5:$B$304,$B22,Attendance!$A$5:$A$304,K$9,Attendance!$F$5:$F$304,"L")>0,"L","")))) | L22: =IF($B22="","",IF(COUNTIFS(Attendance!$B$5:$B$304,$B22,Attendance!$A$5:$A$304,L$9,Attendance!$F$5:$F$304,"P")>0,"P",IF(COUNTIFS(Attendance!$B$5:$B$304,$B22,Attendance!$A$5:$A$304,L$9,Attendance!$F$5:$F$304,"A")>0,"A",IF(COUNTIFS(Attendance!$B$5:$B$304,$B22,Attendance!$A$5:$A$304,L$9,Attendance!$F$5:$F$304,"L")>0,"L","")))) | ... X22: =IF($B22="","",IF(COUNTIFS(Attendance!$B$5:$B$304,$B22,Attendance!$A$5:$A$304,X$9,Attendance!$F$5:$F$304,"P")>0,"P",IF(COUNTIFS(Attendance!$B$5:$B$304,$B22,Attendance!$A$5:$A$304,X$9,Attendance!$F$5:$F$304,"A")>0,"A",IF(COUNTIFS(Attendance!$B$5:$B$304,$B22,Attendance!$A$5:$A$304,X$9,Attendance!$F$5:$F$304,"L")>0,"L","")))) | Y22: =IF($B22="","",COUNTIFS(Attendance!$B$5:$B$304,$B22,Attendance!$F$5:$F$304,"P",Attendance!$A$5:$A$304,">="&$AF$4,Attendance!$A$5:$A$304,"<="&$AF$5)) | Z22: =IF($B22="","",COUNTIFS(Attendance!$B$5:$B$304,$B22,Attendance!$F$5:$F$304,"A",Attendance!$A$5:$A$304,">="&$AF$4,Attendance!$A$5:$A$304,"<="&$AF$5)) | AA22: =IF($B22="","",COUNTIFS(Attendance!$B$5:$B$304,$B22,Attendance!$F$5:$F$304,"L",Attendance!$A$5:$A$304,">="&$AF$4,Attendance!$A$5:$A$304,"<="&$AF$5)) | AB22: =IF($B22="","",SUM(Y22:AA22)) | AC22: =IF($B22="","",IF(AB22=0,"-",(Y22+AA22)/AB22))
